车牌号,上车时间,上车经度,上车纬度,下车时间,下车经度,下车纬度,计程公里,空驶公里,等待计时时间
VEHICLE_PLATE_NUMBER,GETON_DATE,GETON_LONGITUDE,GETON_LATITUDE,GETOFF_DATE,GETOFF_LONGITUDE,GETOFF_LATITUDE,PASS_MILE,NOPASS_MILE,WAITING_TIME
L256,2020/1/7 23:46,118.118376,24.479573,2020/1/7 23:59,118.086775,24.442913,7.7,0.6,188
39603,2020/1/7 23:51,118.106661,24.476613,2020/1/7 23:59,118.080155,24.449095,5.7,5.4,77
H600,2020/1/7 23:56,118.133742,24.528467,2020/1/7 23:57,118.137317,24.524852,0.5,0,0
Q967,2020/1/7 23:55,118.112723,24.480623,2020/1/7 23:58,118.120696,24.481486,1.2,1.9,56
26197,2020/1/7 23:54,118.152713,24.479488,2020/1/7 23:58,118.14961,24.492825,1.8,2.2,79
N796,2020/1/7 23:51,118.126675,24.529956,2020/1/7 23:59,118.12934,24.496528,6.8,8.5,44
K171,2020/1/7 23:55,118.111201,24.493455,2020/1/8 0:01,118.13232,24.520656,5.4,1.4,4
K998,2020/1/8 0:01,118.111908,24.489241,2020/1/8 0:04,118.116001,24.480488,1.3,11.5,5
K095,2020/1/7 23:56,118.103735,24.481518,2020/1/7 23:58,118.106436,24.477626,0.6,2.1,9
15807,2020/1/7 23:48,118.112798,24.46962,2020/1/7 23:59,118.087731,24.472726,4.5,3.7,230
17092,2020/1/7 23:47,118.108101,24.47466,2020/1/7 23:59,118.092498,24.511181,5,2,243
P099,2020/1/7 23:50,118.12311,24.493965,2020/1/7 23:58,118.133428,24.480608,4.1,27.2,116
25516,2020/1/7 23:47,118.188286,24.529986,2020/1/7 23:58,118.124135,24.495348,10.9,19,21
18859,2020/1/7 23:36,118.097653,24.585236,2020/1/7 23:58,118.024665,24.497118,17.5,4.5,89
R576,2020/1/7 23:55,118.154681,24.488626,2020/1/7 23:59,118.165811,24.493388,1.7,11.4,39
23307,2020/1/7 23:51,118.137818,24.502576,2020/1/7 23:58,118.159703,24.488223,4.6,5.2,54
K301,2020/1/7 23:49,118.125113,24.492128,2020/1/8,118.1017,24.530098,5.6,6.1,210
G900,2020/1/7 23:54,118.100263,24.468805,2020/1/8 0:01,118.135513,24.479727,4,0.6,60
N818,2020/1/7 23:51,118.08731,24.43832,2020/1/7 23:59,118.110321,24.460565,6,1.2,45
21752,2020/1/7 23:53,118.082831,24.446436,2020/1/7 23:59,118.080443,24.463851,2.5,1.6,57
10560,2020/1/7 23:55,118.119758,24.487925,2020/1/7 23:58,118.13593,24.494123,1.8,1.6,50
R772,2020/1/7 23:42,118.144053,24.546941,2020/1/7 23:59,118.064155,24.633313,15.5,1.7,179
P802,2020/1/7 23:54,118.114915,24.474565,2020/1/7 23:59,118.098015,24.468508,1.7,0.1,146
G758,2020/1/7 23:54,118.095773,24.586923,2020/1/7 23:59,118.091547,24.56802,2.3,2.6,60
L122,2020/1/7 23:55,118.138666,24.493053,2020/1/8 0:02,118.125811,24.506733,2.6,0.1,175
K562,2020/1/7 23:57,118.070815,24.465373,2020/1/8 0:01,118.08286,24.46685,1.3,7.8,76
Q581,2020/1/7 23:55,118.120581,24.481265,2020/1/7 23:59,118.116391,24.4822,0.8,9.4,147
N212,2020/1/7 23:42,118.118925,24.479653,2020/1/7 23:59,118.184685,24.483615,9.2,4,230
12903,2020/1/7 23:52,118.114111,24.475215,2020/1/7 23:59,118.120766,24.481365,3.1,1.5,126
R132,2020/1/7 23:47,118.11451,24.479366,2020/1/7 23:58,118.136193,24.514201,6.9,1.9,123
K071,2020/1/7 23:42,0,0,2020/1/7 23:59,118.15599,24.47845,8,1.4,413
L838,2020/1/7 23:51,118.15156,24.508605,2020/1/8,118.127863,24.530801,4.7,6.9,146
L018,2020/1/7 23:44,118.074143,24.464838,2020/1/7 23:58,118.115236,24.476466,4.6,10.9,427
G958,2020/1/7 23:55,118.09447,24.4727,2020/1/8 0:01,118.070888,24.47359,3.1,10.5,60
Q889,2020/1/7 23:46,118.074885,24.46586,2020/1/7 23:59,118.12063,24.481328,6.5,7.7,218
Q807,2020/1/7 23:51,118.119038,24.479651,2020/1/7 23:59,118.08726,24.456383,4.6,0.1,94
L362,2020/1/7 23:50,118.116125,24.482816,2020/1/7 23:59,118.121235,24.513365,5.2,5.6,79
G826,2020/1/7 23:46,118.116193,24.481023,2020/1/7 23:58,118.093817,24.512235,5,2.6,180
H763,2020/1/8,118.150693,24.48911,2020/1/8 0:04,118.132958,24.490541,2.2,1.1,36
Q093,2020/1/7 23:50,118.160018,24.531211,2020/1/7 23:59,118.140655,24.52803,3.8,0.4,149
M215,2020/1/8 0:06,118.116918,24.48388,2020/1/8 0:07,118.120925,24.488988,0.7,0.2,7
N218,2020/1/7 23:53,118.10686,24.471826,2020/1/7 23:59,118.094138,24.470966,1.5,0,141
K761,2020/1/7 23:49,118.172146,24.50554,2020/1/8 0:02,118.142443,24.529841,4.8,4.1,279
12976,2020/1/7 23:49,118.120683,24.481375,2020/1/7 23:58,118.09382,24.468318,3.7,4.8,173
K037,2020/1/7 23:45,118.144661,24.54716,2020/1/7 23:58,118.0943,24.491895,12.6,10,64
22525,2020/1/7 23:56,118.101883,24.524331,2020/1/7 23:58,118.110268,24.52164,1.5,3.5,2
13630,2020/1/7 23:46,118.107033,24.495668,2020/1/7 23:58,118.141038,24.479536,6.7,3.7,208
P881,2020/1/7 23:54,118.137996,24.532663,2020/1/7 23:58,118.155001,24.543905,2.5,10.2,19
K106,2020/1/7 23:54,118.07983,24.466952,2020/1/7 23:58,118.067605,24.466347,1.4,1.7,60
P500,2020/1/7 23:53,118.112833,24.479076,2020/1/7 23:58,118.09797,24.474695,1.5,0.8,137
N599,2020/1/7 23:51,118.132255,24.531036,2020/1/7 23:58,118.103581,24.5278,4.5,0.2,138
P557,2020/1/7 23:36,118.07854,24.465023,2020/1/7 23:59,118.144125,24.498445,8.9,2.6,557
12602,2020/1/7 23:55,118.168298,24.474306,2020/1/7 23:58,118.149091,24.47974,1.9,1.7,50
K576,2020/1/7 23:48,118.089018,24.472251,2020/1/7 23:59,118.126475,24.491573,5.6,0.3,204
G633,2020/1/7 23:49,118.128463,24.536148,2020/1/7 23:59,118.132152,24.496262,7.4,5,60
M167,2020/1/7 23:50,118.111681,24.474021,2020/1/8 0:03,118.15464,24.488813,6.4,4.7,228
Q160,2020/1/7 23:57,118.138665,24.532836,2020/1/7 23:58,118.140155,24.533041,0.2,1.3,68
12075,2020/1/7 23:51,118.081463,24.465333,2020/1/7 23:58,118.092918,24.491923,4.8,0.9,46
N300,2020/1/7 23:45,118.119776,24.506735,2020/1/7 23:58,118.082103,24.468776,7.5,2.6,280
H010,2020/1/7 23:53,118.110408,24.460598,2020/1/7 23:59,118.092438,24.473407,2.6,3.3,120
G513,2020/1/7 23:46,118.155803,24.48215,2020/1/8,118.122193,24.498502,6.9,0,180
11969,2020/1/7 23:55,118.108871,24.490628,2020/1/7 23:58,118.113928,24.487941,0.7,8.8,96
P559,2020/1/7 23:42,118.099058,24.469701,2020/1/7 23:58,118.079636,24.445878,5.3,2,453
Q385,2020/1/7 23:37,118.116098,24.482348,2020/1/7 23:58,118.025146,24.47775,14.3,3,279
G899,2020/1/7 23:52,118.084288,24.438348,2020/1/8,118.135897,24.43608,7,1.9,0
21252,2020/1/7 23:51,118.100716,24.578041,2020/1/7 23:58,118.084941,24.595666,3.7,14.1,98
N259,2020/1/7 23:55,118.112146,24.539236,2020/1/7 23:58,118.102016,24.524125,2.8,7.5,24
P769,2020/1/7 23:50,118.0887,24.489755,2020/1/7 23:56,118.106701,24.471738,3.8,7.1,55
1770,2020/1/7 23:59,118.13459,24.691331,2020/1/7 23:59,118.135816,24.69129,0.1,14.3,0
N822,2020/1/7 23:50,118.104998,24.50612,2020/1/7 23:58,118.092698,24.471301,5.7,17.6,62
32139,2020/1/7 23:42,118.127835,24.499456,2020/1/7 23:59,118.026276,24.481668,12.5,1.8,242
H050,2020/1/7 23:48,118.09718,24.465135,2020/1/7 23:59,118.112987,24.487908,4.1,0.8,180
H050,2020/1/7 23:48,118.09718,24.465135,2020/1/7 23:59,118.112987,24.487908,4.1,0.8,180
K959,2020/1/7 23:55,118.112123,24.506596,2020/1/8,118.095875,24.507011,1.9,2.2,89
P590,2020/1/7 23:47,118.115251,24.483291,2020/1/7 23:58,118.15215,24.513443,7.5,0.2,172
H009,2020/1/7 23:37,118.100148,24.526158,2020/1/7 23:59,118.169218,24.475267,14.4,3.5,180
Q767,2020/1/7 23:57,118.1331,24.486598,2020/1/7 23:58,118.129905,24.488431,0.4,5.7,23
R218,2020/1/7 23:55,118.119058,24.47964,2020/1/7 23:58,118.106746,24.477228,1.2,2.6,76
G752,2020/1/7 23:55,118.051202,24.573427,2020/1/8 0:02,118.103602,24.547915,7.9,0,0
N279,2020/1/7 23:50,118.135946,24.494301,2020/1/7 23:58,118.12987,24.508771,4.1,1.8,67
13358,2020/1/7 23:45,118.188218,24.528843,2020/1/7 23:58,118.108486,24.535251,10.8,7.3,128
L626,2020/1/7 23:48,118.11008,24.471705,2020/1/8 0:01,118.09363,24.491986,4.7,2.7,323
26827,2020/1/7 23:38,118.125383,24.49561,2020/1/7 23:58,118.225873,24.568956,15.7,9.6,227
N726,2020/1/7 23:53,118.106876,24.477208,2020/1/7 23:58,118.116093,24.480996,1.9,0,139
M673,2020/1/7 23:50,118.12539,24.49202,2020/1/8 0:02,118.09592,24.49168,4.2,6.2,365
R556,2020/1/7 23:47,118.120688,24.481326,2020/1/7 23:58,118.089251,24.47249,3.3,0,339
G718,2020/1/7 23:54,118.075992,24.490213,2020/1/8 0:02,118.103498,24.54898,7.8,1.7,0
7690,2020/1/7 23:46,118.029125,24.467586,2020/1/7 23:58,118.087245,24.508046,10.2,0,81
K661,2020/1/7 23:54,118.154931,24.511646,2020/1/7 23:58,118.1451,24.501155,2.1,0.6,73
L855,2020/1/8 0:22,118.16639,24.487573,2020/1/8 0:23,118.161475,24.488236,0.4,2.7,26
N229,2020/1/7 23:52,118.13957,24.503858,2020/1/7 23:58,118.09344,24.491873,5.1,5.1,56
P289,2020/1/7 23:52,118.117128,24.493225,2020/1/7 23:58,118.088251,24.487348,4.2,2.1,20
K639,2020/1/7 23:50,118.101369,24.46632,2020/1/8,118.067562,24.460115,4.5,3,240
P398,2020/1/7 23:49,118.113198,24.468391,2020/1/7 23:58,118.12059,24.481231,3.3,2.2,258
K151,2020/1/7 23:55,118.129548,24.496266,2020/1/8,118.140905,24.497055,2.5,0.7,85
L026,2020/1/7 23:49,118.111098,24.506456,2020/1/7 23:59,118.149176,24.500156,5,0.9,138
L829,2020/1/7 23:55,0,0,2020/1/8 0:05,118.178621,24.513133,5.8,1.3,143
N103,2020/1/7 23:30,118.10045,24.546058,2020/1/7 23:58,118.159466,24.47778,16.6,0.9,380
L306,2020/1/7 23:40,118.145086,24.546168,2020/1/7 23:56,118.093283,24.570905,9.9,29.6,75
K905,2020/1/7 23:57,118.079038,24.479375,2020/1/8 0:12,118.11251,24.43742,9.8,14.1,190
H567,2020/1/7 23:52,118.133925,24.495022,2020/1/7 23:58,118.161125,24.48801,2.8,1.2,120
H163,2020/1/7 23:46,118.110226,24.46816,2020/1/7 23:58,118.110211,24.439636,7.5,6.9,86
K379,2020/1/7 23:39,118.127121,24.536375,2020/1/7 23:56,118.02928,24.498276,15.2,3.8,22
P860,2020/1/7 23:47,118.152221,24.488688,2020/1/7 23:58,118.141971,24.496318,4.9,7.6,200
P582,2020/1/7 23:49,118.1217,24.516891,2020/1/7 23:58,118.117431,24.485821,5.6,2.2,114
K369,2020/1/7 23:38,118.127096,24.536895,2020/1/7 23:57,118.079213,24.464585,15.3,6.7,156
P727,2020/1/7 23:52,118.175928,24.480275,2020/1/7 23:58,118.13542,24.480176,4.7,10.1,55
7750,2020/1/7 23:38,118.126423,24.537246,2020/1/7 23:58,118.07023,24.454973,17.4,1.8,193
L766,2020/1/7 23:48,118.076548,24.478445,2020/1/7 23:59,118.040651,24.501508,7.6,2.4,163
K229,2020/1/7 23:56,118.109067,24.472901,2020/1/8 0:01,118.121414,24.479318,1.7,1.4,60
L185,2020/1/7 23:51,118.110491,24.476265,2020/1/8,118.159785,24.481933,5.5,4.3,78
H169,2020/1/7 23:50,118.09101,24.483658,2020/1/8 0:02,118.18635,24.501128,13,3.1,60
K656,2019/12/22 23:46,0,0,2019/12/22 23:57,0,0,5.6,16.2,180
Q320,2020/1/7 23:43,118.093721,24.468368,2020/1/7 23:58,118.152665,24.520578,12,1.4,178
H518,2020/1/7 23:52,118.153867,24.478818,2020/1/7 23:58,118.150878,24.483022,2.9,1.3,0
39315,2020/1/7 23:55,118.110136,24.477806,2020/1/7 23:58,118.119983,24.483656,1.7,0.9,25
K958,2020/1/7 23:56,118.116305,24.481443,2020/1/8,118.107806,24.475136,2.3,3.1,80
N297,2020/1/7 23:52,118.111331,24.48188,2020/1/7 23:58,118.128215,24.480818,2.4,7.1,131
16027,2020/1/7 23:36,118.14925,24.491073,2020/1/7 23:58,118.074168,24.463501,12.2,2.1,442
H903,2020/1/7 23:55,118.155237,24.506237,2020/1/8,118.161813,24.52544,2.8,0,60
P187,2020/1/7 23:48,118.143645,24.526103,2020/1/7 23:58,118.095703,24.529128,6.1,3.6,148
H511,2020/1/7 23:53,118.076472,24.48076,2020/1/7 23:59,118.074523,24.461797,2.3,2.5,120
H907,2020/1/7 23:40,118.068414,24.457926,2020/1/7 23:59,118.161107,24.488037,13.3,12,180
G920,2020/1/7 23:34,118.161433,24.473841,2020/1/7 23:59,118.005975,24.53698,22.1,4,271
H236,2020/1/7 23:51,118.08126,24.465712,2020/1/7 23:58,118.081508,24.44367,4.2,0.4,60
R809,2020/1/7 23:46,118.152871,24.50631,2020/1/7 23:58,118.11687,24.499055,6.3,4.6,150
13723,2020/1/7 23:52,118.115411,24.511088,2020/1/7 23:58,118.097138,24.532353,3.7,0.7,111
L598,2020/1/7 23:55,118.090178,24.503121,2020/1/8,118.09115,24.521048,2.5,8.8,28
N268,2020/1/7 23:53,118.119106,24.479696,2020/1/7 23:58,118.139408,24.480475,3.2,1.5,53
L061,2020/1/7 23:44,118.142785,24.52084,2020/1/7 23:59,118.107061,24.47719,9.1,5.7,280
13596,2020/1/7 23:42,118.079056,24.477428,2020/1/7 23:58,118.138778,24.492865,6.7,0.3,301
L856,2020/1/7 23:50,118.108206,24.50643,2020/1/7 23:59,118.11328,24.475345,5,3.5,148
K553,2020/1/7 23:52,118.129986,24.49917,2020/1/7 23:58,118.113686,24.489831,2.1,1.8,123
H187,2020/1/7 23:30,118.211451,24.644435,2020/1/7 23:58,118.132651,24.725038,17.3,5.9,415
H659,2020/1/7 23:40,118.153972,24.47716,2020/1/7 23:58,118.079439,24.461123,9.5,0.1,240
9850,2020/1/7 23:52,118.14898,24.493766,2020/1/7 23:58,118.141891,24.495951,3,0,97
P219,2020/1/7 23:45,118.149495,24.491963,2020/1/7 23:58,118.104791,24.526938,9.3,2.7,71
35773,2020/1/7 23:48,118.113291,24.488028,2020/1/7 23:58,118.158318,24.475413,5.8,6.7,136
H061,2020/1/7 23:52,118.103038,24.482708,2020/1/7 23:58,118.12094,24.49872,3.3,3,0
L769,2020/1/7 23:49,118.11417,24.47542,2020/1/8,118.07023,24.473701,5.6,1.1,195
K750,2020/1/7 23:55,118.078316,24.465651,2020/1/7 23:58,118.073881,24.464208,0.7,1.9,82
K225,2020/1/7 23:30,118.099115,24.469665,2020/1/8 0:01,118.243695,24.578275,22.9,2.2,483
R875,2020/1/7 23:51,118.086716,24.576728,2020/1/7 23:58,118.085136,24.63018,6.8,4.1,33
K873,2020/1/7 23:51,118.122143,24.490043,2020/1/8 0:01,118.112055,24.540426,5.9,0,146
P105,2020/1/7 23:47,118.150571,24.488896,2020/1/7 23:58,118.190948,24.483223,4.9,1.5,249
K821,2020/1/7 23:53,118.07377,24.484535,2020/1/7 23:57,118.112835,24.509768,1.6,7.6,118
P189,2020/1/7 23:51,118.12371,24.495258,2020/1/7 23:57,118.13384,24.49514,1.7,0,146
N156,2020/1/7 23:45,118.12685,24.53707,2020/1/7 23:58,118.109013,24.474506,10.7,6.3,140
P583,2020/1/7 23:43,118.114708,24.479338,2020/1/7 23:58,118.124675,24.516748,6.1,3.3,260
R859,2020/1/7 23:49,118.120116,24.501323,2020/1/7 23:58,118.164663,24.50573,6.4,0.9,57
P505,2020/1/7 23:47,118.102266,24.524491,2020/1/7 23:58,118.119298,24.499833,4.9,0,262
H569,2020/1/7 23:39,118.082483,24.467713,2020/1/7 23:58,118.175265,24.466582,11.1,7.2,300
R189,2020/1/7 23:45,118.11961,24.479778,2020/1/7 23:58,118.133791,24.517288,6.2,0,247
Q079,2020/1/7 23:51,118.109466,24.472568,2020/1/7 23:58,118.127858,24.490593,3.4,6.7,50
P017,2020/1/7 23:47,118.145406,24.527203,2020/1/7 23:58,118.120686,24.488831,7.2,0,124
35917,2020/1/7 23:46,118.09642,24.488638,2020/1/7 23:58,118.115153,24.478331,5.4,1.4,150
R167,2020/1/7 23:47,118.081496,24.633751,2020/1/7 23:58,118.059541,24.624366,4.5,2.6,270
P196,2020/1/7 23:48,118.126718,24.503928,2020/1/7 23:58,118.133215,24.489978,3.4,0,171
R627,2020/1/7 23:47,118.09643,24.522791,2020/1/7 23:58,118.127575,24.497755,6.1,0.1,193
H760,2020/1/7 23:44,118.124919,24.508737,2020/1/8 0:02,118.165983,24.475878,8.7,1.2,420
5725,2020/1/7 23:48,118.120218,24.480643,2020/1/7 23:58,118.13588,24.497716,4.5,7,207
L500,2020/1/7 23:52,118.102166,24.475576,2020/1/7 23:59,118.120393,24.484143,2.5,2.2,145
G950,2020/1/7 23:44,118.08901,24.469558,2020/1/8,118.16778,24.469218,9.2,0.1,180
32595,2020/1/7 23:52,118.116916,24.483791,2020/1/7 23:58,118.12009,24.47318,1.9,2.3,164
27035,2020/1/7 23:48,118.125476,24.494286,2020/1/7 23:58,118.086535,24.460515,5.8,0.1,135
29056,2020/1/7 23:50,118.13817,24.493265,2020/1/7 23:58,118.116386,24.48217,3.4,2,217
P556,2020/1/7 23:42,118.114636,24.479271,2020/1/7 23:58,118.11912,24.440111,6.7,2.4,279
P302,2020/1/7 23:55,118.11365,24.478908,2020/1/7 23:58,118.112106,24.4877,1.1,1.4,24
30587,2020/1/7 23:47,118.182193,24.473683,2020/1/7 23:58,118.142405,24.496531,6.2,2,124
R369,2020/1/7 23:46,118.040275,24.493588,2020/1/7 23:58,118.141193,24.500958,10.8,0.8,74
N779,2020/1/7 23:37,118.151413,24.488676,2020/1/7 23:58,118.075095,24.462776,10.2,0,463
Q856,2020/1/7 23:51,118.09588,24.506918,2020/1/7 23:58,118.106418,24.477675,4,2.8,116
R108,2020/1/7 23:53,118.102803,24.484988,2020/1/7 23:58,118.098801,24.49121,0.8,0.3,169
H977,2020/1/7 23:50,118.11236,24.437414,2020/1/8 0:04,118.120196,24.483898,8.8,63.7,120
L758,2020/1/7 23:49,118.14691,24.523103,2020/1/7 23:59,118.124223,24.49277,5.3,3.4,121
Q387,2020/1/7 23:55,118.120363,24.489061,2020/1/7 23:58,118.115135,24.48224,0.8,0,65
L606,2020/1/7 23:41,118.07379,24.462426,2020/1/7 23:58,118.097893,24.506208,7.9,3.8,429
6552,2020/1/7 23:42,118.127013,24.53675,2020/1/7 23:58,118.030791,24.566171,15.3,21.8,46
13329,2020/1/7 23:51,118.117893,24.511976,2020/1/7 23:58,118.145386,24.524093,3.5,0.4,41
H812,2020/1/7 23:49,118.103569,24.481405,2020/1/7 23:59,118.120875,24.499087,3.8,3.6,120
G717,2020/1/7 23:49,118.104568,24.527322,2020/1/7 23:58,118.093405,24.509927,4.7,1.2,60
K227,2020/1/7 23:49,118.114972,24.493755,2020/1/7 23:58,118.087972,24.476557,4,2,180
Q638,2020/1/7 23:53,118.118036,24.515891,2020/1/7 23:57,118.14431,24.523566,2.8,2,64
K815,2020/1/7 23:54,118.124488,24.50925,2020/1/7 23:58,118.122691,24.501818,1.2,2.3,107
L638,2020/1/7 23:34,118.15252,24.526633,2020/1/7 23:59,118.104151,24.59133,14.5,9,542
R162,2020/1/7 23:54,118.06042,24.567021,2020/1/7 23:57,118.05919,24.574915,1.1,0.7,127
H166,2020/1/7 23:54,118.027162,24.491062,2020/1/7 23:57,118.02866,24.497832,1.2,3.4,0
30515,2020/1/7 23:53,118.12296,24.493811,2020/1/8,118.13427,24.516581,3.8,5.9,108
R552,2020/1/7 23:37,118.119356,24.48243,2020/1/7 23:57,118.070655,24.45716,8.9,1.1,551
N989,2020/1/7 23:51,118.149301,24.500333,2020/1/7 23:57,118.143701,24.523186,3.7,3.9,95
32527,2020/1/7 23:43,118.122173,24.490325,2020/1/7 23:58,118.165856,24.468048,6.9,1,298
35313,2020/1/7 23:51,118.184623,24.474618,2020/1/7 23:58,118.188168,24.497975,3.7,0.7,76
N289,2020/1/7 23:48,118.13086,24.479371,2020/1/7 23:58,118.104643,24.526975,9.6,0.4,29
K515,2020/1/7 23:57,118.119276,24.479655,2020/1/8 0:02,118.109725,24.485463,1.5,3.7,122
39537,2020/1/7 23:50,118.155628,24.480715,2020/1/7 23:57,118.1384,24.486038,3,0,204
P679,2020/1/7 23:48,118.11173,24.468673,2020/1/7 23:57,118.0683,24.458058,7.8,3.6,82
N797,2020/1/7 23:46,118.107878,24.470841,2020/1/7 23:57,118.134608,24.515888,7,0,214
G961,2020/1/7 23:41,118.122427,24.529492,2020/1/7 23:54,118.091177,24.490438,9.9,7.9,0
G823,2020/1/7 23:44,118.131482,24.490665,2020/1/8,118.163395,24.484447,4.3,8.7,480
G639,2020/1/7 23:49,118.112192,24.469255,2020/1/7 23:56,118.132193,24.48787,4.1,1.8,60
37187,2020/1/7 23:51,118.190195,24.494541,2020/1/7 23:58,118.171391,24.472875,4.3,3.2,39
Q229,2020/1/7 23:44,118.153966,24.526488,2020/1/7 23:58,118.148085,24.477368,5.7,1.9,321
L832,2020/1/7 23:49,118.076001,24.4901,2020/1/7 23:58,118.103981,24.473048,4.7,0.1,166
N968,2020/1/7 23:46,118.111445,24.469285,2020/1/7 23:57,118.091566,24.470458,3.6,4.8,329
L886,2020/1/7 23:46,118.11518,24.486691,2020/1/7 23:58,118.103458,24.513681,4.2,0,338
K295,2020/1/7 23:58,118.136445,24.498945,2020/1/8 0:03,118.14809,24.497007,1.9,0.3,60
Q102,2020/1/7 23:52,118.098825,24.46986,2020/1/7 23:58,118.069665,24.463005,3.1,1.7,42
K032,2020/1/7 23:44,118.113278,24.48802,2020/1/7 23:56,118.09967,24.509043,4.3,30.1,300
Q558,2020/1/7 23:47,118.12701,24.536983,2020/1/7 23:58,118.124848,24.500453,7,4.5,168
28363,2020/1/7 23:47,118.056176,24.564058,2020/1/7 23:58,118.059703,24.566363,7.5,8.4,111
P929,2020/1/7 23:46,118.119363,24.479678,2020/1/7 23:58,118.110943,24.516835,5.9,0.3,240
19311,2020/1/7 23:53,118.127685,24.496916,2020/1/7 23:58,118.116168,24.481471,2.3,1.1,109
K830,2020/1/7 23:58,118.159436,24.503461,2020/1/8 0:05,118.192083,24.522236,5.5,4.9,14
H525,2020/1/7 23:37,118.116733,24.484417,2020/1/7 23:52,118.073183,24.485763,5.8,3.8,240
L217,2020/1/7 23:52,118.090153,24.511163,2020/1/7 23:56,118.098771,24.524066,2.2,1.4,41
H838,2020/1/7 23:48,118.088652,24.458897,2020/1/7 23:56,118.122755,24.474268,4.3,0.5,120
L658,2020/1/7 23:44,118.139061,24.530441,2020/1/7 23:57,118.038791,24.574551,12.6,11.1,58
35570,2020/1/7 23:50,118.089675,24.469798,2020/1/7 23:57,118.113405,24.478623,2.7,1.3,141
26866,2020/1/7 23:34,0,0,2020/1/8 0:01,118.014205,24.590195,23.2,0.4,300
38126,2020/1/7 23:57,118.071591,24.638003,2020/1/7 23:57,118.071591,24.638003,0.1,3.5,15
L811,2020/1/7 23:55,118.138235,24.493293,2020/1/8 0:02,118.118141,24.486676,2.3,0.5,170
Q666,2020/1/7 23:52,118.078921,24.477898,2020/1/7 23:58,118.095853,24.488573,2.9,0.8,108
K636,2020/1/7 23:50,118.116466,24.482183,2020/1/7 23:55,118.107807,24.470825,2.8,1.9,120
7515,2020/1/7 23:28,118.104443,24.527155,2020/1/7 23:57,118.155851,24.481721,12.7,0,704
P820,2020/1/7 23:53,118.111486,24.496751,2020/1/7 23:57,118.13602,24.497516,2.9,4.3,17
R893,2020/1/7 23:54,118.088285,24.4396,2020/1/7 23:57,118.080711,24.44857,1.5,6.5,53
18630,2020/1/7 23:45,118.120481,24.513135,2020/1/7 23:57,118.183283,24.507091,9.1,1.1,51
N961,2020/1/7 23:47,118.125213,24.495433,2020/1/7 23:57,118.144683,24.523811,5,2.4,243
15250,2020/1/7 23:51,118.153788,24.536536,2020/1/7 23:57,118.149505,24.512953,3.3,18.9,41
N988,2020/1/7 23:42,118.084243,24.465,2020/1/7 23:57,118.12004,24.483663,5.6,0.4,448
R838,2020/1/7 23:52,118.159656,24.481945,2020/1/7 23:57,118.148548,24.49782,3,7,52
15636,2020/1/7 23:32,118.13051,24.487521,2020/1/7 23:57,118.026138,24.483026,17.2,0.1,341
R707,2020/1/7 23:47,118.120806,24.489406,2020/1/7 23:57,118.0976,24.469383,4.3,2.8,250
H300,2020/1/7 23:48,118.109262,24.471355,2020/1/7 23:57,118.085037,24.4729,3.9,7.8,180
N757,2020/1/7 23:53,118.148458,24.506356,2020/1/7 23:57,118.150888,24.488838,2.7,1,62
R873,2020/1/7 23:47,118.093245,24.469655,2020/1/7 23:57,118.082653,24.442863,4,9.8,264
R577,2020/1/7 23:47,118.171556,24.469233,2020/1/7 23:57,118.161073,24.541296,10,7.4,51
P282,2020/1/7 23:55,118.08413,24.444213,2020/1/7 23:57,118.087845,24.437711,1.1,1,33
N801,2020/1/7 23:38,118.114915,24.486668,2020/1/7 23:57,118.102301,24.594811,18,1.3,195
R350,2020/1/7 23:46,118.055216,24.60425,2020/1/7 23:57,118.026693,24.639298,7.4,0.1,152
H065,2020/1/7 23:49,118.112353,24.473168,2020/1/7 23:57,118.150567,24.488985,5.1,12.1,0
L191,2020/1/7 23:50,118.120875,24.503473,2020/1/7 23:58,118.149551,24.492031,6.2,1,40
30632,2020/1/7 23:54,118.11122,24.432643,2020/1/7 23:57,118.111371,24.438898,1.1,1.1,100
K597,2020/1/7 23:53,118.115171,24.482901,2020/1/8 0:01,118.138783,24.503881,5.7,1.4,42
6036,2020/1/7 23:49,118.146428,24.51247,2020/1/7 23:58,118.118873,24.479608,6.4,10.7,91
R111,2020/1/7 23:41,118.130898,24.479305,2020/1/7 23:57,118.107911,24.484,4.9,2,368
H698,2020/1/7 23:55,118.111516,24.540473,2020/1/7 23:58,118.125035,24.528732,2.3,7.4,0
H853,2020/1/7 23:47,118.154628,24.488918,2020/1/7 23:58,118.125657,24.506873,4.6,3.2,180
P865,2020/1/7 23:47,118.110031,24.47171,2020/1/7 23:57,118.112853,24.497495,3.4,8,300
P883,2020/1/7 23:53,118.105713,24.490476,2020/1/7 23:57,118.10667,24.480548,1.8,5.2,73
Q050,2020/1/7 23:38,118.01181,24.534208,2020/1/7 23:57,118.027123,24.462731,10.6,3.1,331
P716,2020/1/7 23:46,118.123255,24.491345,2020/1/7 23:57,118.17298,24.509031,6.3,0,255
H157,2020/1/7 23:54,118.110215,24.494946,2020/1/7 23:58,118.115498,24.483961,1.5,24,34
R368,2020/1/7 23:43,118.127608,24.499136,2020/1/7 23:57,118.163666,24.46395,7.6,0,240
H582,2020/1/7 23:55,118.080663,24.448561,2020/1/7 23:59,118.071415,24.455371,1.6,2.8,81
H627,2020/1/7 23:56,118.113491,24.589205,2020/1/8,118.098145,24.587028,2.2,15.6,38
P299,2020/1/7 23:50,118.152221,24.48864,2020/1/7 23:57,118.137676,24.499568,3.5,0,90
19076,2020/1/7 23:45,118.133233,24.529516,2020/1/7 23:57,118.166765,24.525536,6.6,0.7,92
Q126,2020/1/7 23:50,118.113268,24.488008,2020/1/7 23:57,118.133898,24.495518,2.6,1.9,143
G709,2020/1/7 23:40,118.055507,24.564245,2020/1/7 23:56,118.120422,24.480818,15.1,4.8,0
K116,2016/4/7 23:53,118.092887,24.583262,2016/4/7 23:58,118.085645,24.565904,2.2,6.3,60
M215,2020/1/7 23:50,118.070993,24.457368,2020/1/8 0:05,118.116315,24.48199,6.5,3.3,349
H882,2020/1/7 23:45,118.102325,24.588748,2020/1/7 23:58,118.146212,24.53154,8.6,0.9,240
N392,2020/1/7 23:48,118.120691,24.481226,2020/1/7 23:57,118.075228,24.451698,8.2,0,50
L612,2020/1/7 23:45,118.099643,24.595513,2020/1/7 23:58,118.093603,24.518086,12.1,10.4,80
K995,2020/1/7 23:51,118.191145,24.489671,2020/1/7 23:59,118.152106,24.48888,4.5,2,173
H508,2020/1/7 23:57,118.136072,24.494318,2020/1/8 0:01,118.127927,24.500335,1.3,0.1,0
M023,2020/1/7 23:52,118.134895,24.494941,2020/1/7 23:56,118.118238,24.486706,2,3.6,50
G598,2020/1/7 23:53,118.116505,24.482538,2020/1/7 23:57,118.12824,24.491427,1.8,6.3,0
H398,2020/1/7 23:49,0,0,2020/1/7 23:57,118.153985,24.479078,5.7,3.2,60
Q636,2020/1/7 23:47,118.1231,24.514026,2020/1/7 23:57,118.126646,24.536416,5.8,4,140
L787,2020/1/7 23:51,118.07484,24.479388,2020/1/7 23:59,118.075633,24.459876,2.5,6.2,292
N803,2020/1/7 23:46,118.112436,24.468558,2020/1/7 23:57,118.112436,24.468558,4.6,2.5,238
18722,2020/1/7 23:46,118.07889,24.479385,2020/1/7 23:57,118.12468,24.508658,7.7,2.9,132
H136,2020/1/7 23:51,118.107733,24.48498,2020/1/7 23:58,118.12423,24.501397,3.3,3,60
6360,2020/1/7 23:50,118.074271,24.46077,2020/1/7 23:57,118.100645,24.468861,2.8,2.2,223
H690,2020/1/7 23:43,118.092605,24.514983,2020/1/7 23:57,118.159321,24.527765,7.1,0.8,254
P353,2020/1/7 23:41,118.114641,24.484848,2020/1/7 23:57,118.18155,24.50475,10.5,0,212
P139,2020/1/7 23:45,118.14368,24.547175,2020/1/7 23:57,118.161136,24.511883,4.7,7.8,332
16193,2020/1/7 23:51,118.124273,24.492803,2020/1/7 23:57,118.145493,24.49827,2.9,5.2,90
L865,2020/1/7 23:50,118.115993,24.490391,2020/1/7 23:57,118.088886,24.489886,3.2,3,74
H383,2020/1/7 23:45,118.109565,24.510505,2020/1/7 23:57,118.094698,24.578021,9.7,2.2,49
N388,2020/1/7 23:44,118.103858,24.513861,2020/1/7 23:57,118.109151,24.528313,4.9,1.7,307
N893,2020/1/7 23:48,118.144446,24.517203,2020/1/7 23:57,118.106381,24.548583,5.9,0,111
H787,2020/1/7 23:52,118.115237,24.4773,2020/1/7 23:57,118.12011,24.48061,1.9,0,120
10265,2020/1/7 23:47,118.101915,24.471576,2020/1/7 23:57,118.116515,24.434173,5.2,4.7,116
N935,2020/1/7 23:46,118.109916,24.47168,2020/1/7 23:57,118.136806,24.501426,4.9,1.9,228
G986,2020/1/7 23:56,118.12587,24.506722,2020/1/7 23:59,118.128037,24.50021,1,5,60
16517,2020/1/7 23:48,118.172251,24.48605,2020/1/7 23:57,118.14846,24.497673,3.3,6.2,260
L878,2020/1/7 23:47,118.129466,24.532636,2020/1/7 23:58,118.114346,24.5101,4.4,1.8,46
11862,2020/1/7 23:41,118.108693,24.509508,2020/1/7 23:57,118.026913,24.581416,14.5,10,147
L556,2020/1/7 23:44,118.124176,24.491136,2020/1/7 23:58,118.0796,24.460818,6.7,0.8,231
N881,2020/1/7 23:35,118.116153,24.48114,2020/1/7 23:57,118.12398,24.495251,1.9,1,1128
R817,2020/1/7 23:48,118.143768,24.524063,2020/1/7 23:57,118.101696,24.53015,6.6,5,97
23993,2020/1/7 23:49,118.126578,24.496845,2020/1/7 23:57,118.109715,24.517521,3.7,0,97
7609,2020/1/7 23:50,118.139975,24.51168,2020/1/7 23:57,118.12129,24.47962,5.1,6.3,130
R599,2020/1/7 23:47,118.106916,24.477263,2020/1/7 23:57,118.085105,24.499358,4.7,0,154
Q053,2020/1/7 23:46,118.130696,24.520471,2020/1/7 23:57,118.141068,24.478871,7.7,1.3,115
L537,2020/1/7 23:51,118.088428,24.576956,2020/1/7 23:57,118.09603,24.58722,5.4,0.4,10
25767,2020/1/7 23:52,118.122383,24.495973,2020/1/7 23:58,118.13601,24.497548,3.1,8,54
K989,2020/1/7 23:56,118.080416,24.468465,2020/1/8 0:02,118.07336,24.45676,2,6.1,168
18309,2020/1/7 23:46,118.116041,24.510913,2020/1/7 23:57,118.088243,24.509891,7.2,2.6,126
Q550,2020/1/7 23:43,118.126678,24.538343,2020/1/7 23:57,118.105,24.478645,10.7,6,144
31619,2020/1/7 23:46,118.096541,24.488698,2020/1/7 23:57,118.112773,24.469815,4.1,0,314
H600,2020/1/7 23:34,118.028208,24.582604,2020/1/7 23:55,118.133685,24.528563,15.6,0.6,240
Q016,2020/1/7 23:40,118.154938,24.530506,2020/1/7 23:57,118.106953,24.471956,10.8,0.5,284
H616,2020/1/7 23:49,118.141305,24.494578,2020/1/7 23:58,118.135833,24.504732,2.7,2.8,180
11378,2020/1/7 23:39,118.145666,24.532565,2020/1/7 23:57,118.14956,24.479653,7.7,17.3,408
6881,2020/1/7 23:44,118.120583,24.481176,2020/1/7 23:57,118.070501,24.473785,6.2,1.4,253
1631,2020/1/7 23:51,118.106723,24.528011,2020/1/7 23:57,118.113943,24.498286,4.5,0.4,68
K631,2020/1/7 23:47,118.110006,24.47181,2020/1/7 23:59,118.108266,24.497966,3.3,5,365
G982,2020/1/7 23:42,118.051972,24.56449,2020/1/8 0:02,118.08205,24.620197,10.8,0.6,360
Q785,2020/1/7 23:52,118.168548,24.470698,2020/1/7 23:57,118.167345,24.481971,1.8,2.6,117
2667,2020/1/7 23:37,118.0542,24.564111,2020/1/7 23:57,118.155156,24.506198,14.7,5.7,264
30267,2020/1/7 23:42,118.05033,24.573641,2020/1/7 23:57,118.083886,24.501316,15.2,4.9,79
Q723,2020/1/7 23:55,118.172041,24.505886,2020/1/7 23:57,118.161808,24.504653,1.2,0.2,31
L279,2020/1/7 23:45,118.114821,24.48676,2020/1/7 23:56,118.17023,24.511481,7.6,5.1,92
L006,2020/1/7 23:57,118.13603,24.49907,2020/1/8 0:04,118.13837,24.515201,3.2,1.4,78
H665,2020/1/7 23:46,118.109991,24.471643,2020/1/7 23:57,118.147653,24.495132,5.5,1.9,180
23719,2020/1/7 23:51,118.126508,24.529888,2020/1/7 23:57,118.14737,24.521053,3,0.5,59
L979,2020/1/7 23:49,118.099578,24.504716,2020/1/7 23:59,118.101853,24.530216,4.1,2.8,200
L570,2020/1/7 23:40,118.110081,24.477736,2020/1/7 23:55,118.098305,24.434711,9.3,0.9,209
H597,2020/1/7 23:52,118.09362,24.511338,2020/1/7 23:57,118.110983,24.517615,2.3,0.6,60
H896,2020/1/7 23:53,118.080348,24.467113,2020/1/7 23:58,118.097212,24.463018,2.2,0,0
Q119,2020/1/7 23:50,118.113406,24.470218,2020/1/7 23:57,118.115243,24.483861,2.7,3.8,165
P197,2020/1/7 23:51,118.171963,24.50598,2020/1/7 23:57,118.138926,24.50176,3.6,3.8,83
39187,2020/1/7 23:49,118.126646,24.529958,2020/1/7 23:57,118.109575,24.517533,6,0.8,29
M128,2020/1/7 23:52,118.121138,24.474571,2020/1/7 23:56,118.140216,24.479961,2.2,0.1,66
P759,2020/1/7 23:46,118.102875,24.46773,2020/1/7 23:57,118.074416,24.46153,5.3,0.1,240
N335,2020/1/7 23:27,118.167625,24.513223,2020/1/7 23:57,118.052633,24.570583,21.7,1.1,205
L765,2020/1/7 23:50,118.138538,24.480595,2020/1/7 23:56,118.119685,24.487808,3.2,4.3,98
11078,2020/1/7 23:53,118.07717,24.455191,2020/1/7 23:57,118.068978,24.463408,1.4,17,70
L550,2020/1/7 23:47,118.108008,24.484943,2020/1/7 23:58,118.124656,24.508713,4.8,0.1,197
K213,2020/1/7 23:49,118.095513,24.467703,2020/1/7 23:59,118.128125,24.500756,5.2,3,148
16750,2020/1/7 23:49,118.121461,24.513651,2020/1/7 23:57,118.126753,24.494568,3.9,0.5,185
K707,2020/1/7 23:40,118.144281,24.523555,2020/1/7 23:57,118.16241,24.46722,8.5,2.8,416
P025,2020/1/7 23:50,118.112388,24.48103,2020/1/7 23:57,118.127865,24.499283,3.1,0.7,84
G715,2020/1/7 23:41,118.166985,24.54093,2020/1/7 23:59,118.104347,24.47307,16.6,5.6,120
L265,2020/1/7 23:53,118.098883,24.504668,2020/1/8,118.12274,24.501763,4.2,0.6,120
Q813,2020/1/7 23:46,118.143101,24.49408,2020/1/7 23:57,118.161036,24.541258,8.8,2.9,122
35029,2020/1/7 23:52,118.168176,24.470853,2020/1/7 23:57,118.16739,24.471125,1.1,0.1,162
N770,2020/1/7 23:54,118.148921,24.52518,2020/1/7 23:57,118.144685,24.531111,1,16.6,22
13093,2020/1/7 23:44,118.098793,24.491383,2020/1/7 23:57,118.113241,24.47014,3.9,2.8,377
G719,2020/1/7 23:54,118.138835,24.502275,2020/1/8 0:06,118.171618,24.469198,7,2.1,120
R718,2020/1/7 23:46,118.124938,24.506618,2020/1/7 23:57,118.146133,24.531596,5.5,8.4,226
P920,2020/1/7 23:32,118.079466,24.463543,2020/1/7 23:56,118.112121,24.491228,10,3.4,512
27672,2020/1/7 23:55,118.152771,24.498903,2020/1/7 23:56,118.149308,24.491885,0.6,1.1,33
Q080,2020/1/7 23:38,118.095885,24.506976,2020/1/7 23:56,118.10255,24.479395,8,2.6,519
L258,2020/1/7 23:58,118.07005,24.462745,2020/1/8 0:03,118.081323,24.465908,2.2,4.7,89
21167,2020/1/8 14:01,118.149121,24.513555,2020/1/8 14:10,118.138158,24.493325,4.3,1.4,79
R175,2020/1/7 23:53,118.101248,24.490855,2020/1/7 23:57,118.101248,24.490855,1.8,3.4,85
K280,2020/1/7 23:39,118.127143,24.5367,2020/1/7 23:57,118.192621,24.49936,12.3,5.8,292
L666,2020/1/7 23:48,118.155136,24.506071,2020/1/7 23:57,118.125968,24.488838,4.6,1.7,177
P580,2020/1/7 23:51,118.070288,24.458175,2020/1/7 23:57,118.072303,24.453536,2.3,2.8,63
N151,2020/1/7 23:49,118.166818,24.526108,2020/1/7 23:57,118.150311,24.522886,3.8,3.2,82
L655,2020/1/7 23:52,118.137335,24.493415,2020/1/7 23:57,118.154511,24.4886,1.8,0.4,185
13030,2020/1/7 23:51,118.151188,24.509976,2020/1/7 23:57,118.12947,24.507871,2.5,0.2,124
P339,2020/1/7 23:48,118.148361,24.53205,2020/1/7 23:57,118.135863,24.497651,5.6,0,96
K388,2020/1/7 23:47,118.115562,24.478154,2020/1/7 23:56,118.092993,24.467354,3,1.8,180
L711,2020/1/7 23:52,118.101986,24.52426,2020/1/7 23:56,118.11028,24.521565,1.5,0.4,85
1679,2020/1/7 23:43,118.075121,24.458526,2020/1/7 23:57,118.148565,24.482553,8.6,5.2,229
P338,2020/1/7 23:41,118.105336,24.476458,2020/1/7 23:57,118.148311,24.497393,8,0.2,330
N035,2020/1/7 23:47,118.15301,24.506318,2020/1/7 23:57,118.155373,24.543136,5.1,0.1,158
P525,2020/1/7 23:48,118.116643,24.482098,2020/1/7 23:57,118.12189,24.494788,2,0.6,300
R953,2020/1/7 23:49,118.11436,24.519335,2020/1/7 23:57,118.148123,24.524995,4.1,2.3,141
J777,2020/1/7 23:45,118.034392,24.499003,2020/1/7 23:58,118.111402,24.479587,9.9,4.2,60
G777,2020/1/7 23:56,118.111985,24.540517,2020/1/8 0:01,118.107472,24.520065,3.7,0,0
H580,2020/1/7 23:46,118.154592,24.488843,2020/1/7 23:57,118.116487,24.483792,4.4,2.7,240
P982,2020/1/7 23:48,118.098978,24.469678,2020/1/7 23:57,118.083035,24.446385,4.7,0.8,131
L379,2020/1/7 23:54,118.125316,24.495883,2020/1/8 0:02,118.144595,24.523716,5.1,7.1,83
H277,2020/1/7 23:50,118.112214,24.489507,2020/1/7 23:57,118.10435,24.472658,3.1,5,120
P689,2020/1/7 23:48,118.086743,24.47612,2020/1/7 23:57,118.119785,24.487376,4.3,2.2,75
L951,2020/1/7 23:52,118.116025,24.480635,2020/1/7 23:56,118.124143,24.491033,1.7,10.6,57
L093,2020/1/7 23:51,118.113196,24.48803,2020/1/8 0:02,118.165868,24.468043,7.1,3.3,69
N759,2020/1/7 23:50,118.098716,24.474941,2020/1/7 23:57,118.110746,24.477053,1.8,1.3,224
H765,2020/1/7 23:46,118.10364,24.481625,2020/1/7 23:56,118.152116,24.47637,5.5,0.1,119
N369,2020/1/7 23:43,118.10225,24.524496,2020/1/7 23:56,118.120651,24.481306,6.8,0,202
13621,2020/1/7 23:32,118.141388,24.545256,2020/1/7 23:56,118.075718,24.458535,16.5,10.6,356
1670,2020/1/7 23:52,118.11614,24.482465,2020/1/7 23:56,118.106305,24.47351,2.1,2,88
H936,2020/1/7 23:43,118.072593,24.48654,2020/1/7 23:57,118.021926,24.489601,10.8,0,151
H273,2020/1/7 23:45,118.091405,24.489348,2020/1/7 23:55,118.105011,24.472196,3.1,1.1,261
L928,2020/1/7 23:52,118.12609,24.506663,2020/1/7 23:59,118.126906,24.524813,4.2,2.2,70
22680,2020/1/7 23:47,118.137851,24.493461,2020/1/7 23:56,118.11273,24.509788,4.5,3.1,116
19957,2020/1/7 23:54,118.11573,24.473245,2020/1/7 23:57,118.116391,24.482073,1.2,2.5,67
R319,2020/1/7 23:33,118.093338,24.517683,2020/1/7 23:56,118.106393,24.465106,14.1,0,425
P888,2020/1/7 23:53,118.116091,24.481148,2020/1/7 23:56,118.123041,24.495228,1.7,1.4,62
Q587,2020/1/7 23:51,118.123401,24.504165,2020/1/7 23:56,118.136623,24.515496,2.3,2.4,114
P688,2020/1/7 23:43,118.122593,24.502738,2020/1/7 23:56,118.139156,24.530358,6.1,3,309
L569,2020/1/7 23:52,118.162723,24.494431,2020/1/8,118.140863,24.476695,5.2,0.6,72
K765,2020/1/7 23:49,118.088523,24.46973,2020/1/8,118.111671,24.48351,3.9,1.3,192
H207,2020/1/7 23:45,118.119446,24.479666,2020/1/7 23:59,118.082353,24.501666,5.9,4.9,291
N005,2020/1/7 23:41,118.164308,24.475918,2020/1/7 23:56,118.138426,24.525278,8,0.7,313
R300,2020/1/7 23:48,118.176615,24.481936,2020/1/7 23:56,118.165393,24.465265,3.5,0.9,142
23658,2020/1/7 23:54,118.12071,24.4796,2020/1/7 23:56,118.124365,24.479251,1.3,8,35
K777,2020/1/7 23:44,118.116048,24.472138,2020/1/7 23:57,118.157576,24.490711,6.1,6.3,172
6335,2020/1/7 23:53,118.164826,24.505861,2020/1/7 23:57,118.182088,24.515076,2.6,0.2,17
Q659,2020/1/7 23:48,118.117026,24.493211,2020/1/7 23:56,118.090651,24.483598,3,8.9,189
G638,2020/1/7 23:52,118.133173,24.529512,2020/1/7 23:57,118.140568,24.533473,2.3,0.3,120
19826,2020/1/7 23:49,118.128348,24.523581,2020/1/7 23:56,118.150761,24.523066,5.1,0,36
38852,2020/1/7 23:51,118.130565,24.52043,2020/1/7 23:57,118.110873,24.517503,3.1,0,28
Q262,2020/1/7 23:44,118.079356,24.48087,2020/1/7 23:56,118.097711,24.52635,6.5,3.1,219
L270,2020/1/7 23:51,118.122891,24.495231,2020/1/7 23:56,118.135546,24.498495,2.3,3.6,109
J988,2020/1/7 23:50,118.156062,24.48185,2020/1/7 23:57,118.170427,24.473095,2,8.7,120
Q319,2020/1/7 23:47,118.112705,24.469453,2020/1/7 23:57,118.093263,24.470923,3.4,9.6,248
Q201,2020/1/7 23:25,118.243016,24.606046,2020/1/8,118.015501,24.592555,30.5,1.1,202
Q563,2020/1/7 23:49,118.114991,24.474535,2020/1/7 23:56,118.119863,24.495741,3,1.7,130
N009,2020/1/7 23:49,118.136113,24.501253,2020/1/7 23:56,118.156465,24.519636,4.5,4,61
19817,2020/1/7 23:40,118.139126,24.49955,2020/1/7 23:56,118.15368,24.534983,6.5,0,391
N991,2020/1/7 23:49,118.121791,24.504375,2020/1/7 23:56,118.133815,24.48772,2.9,3.5,142
H080,2020/1/7 23:41,118.0836,24.440062,2020/1/7 23:58,118.138827,24.530458,15.1,3.4,0
Q567,2020/1/7 23:41,118.078456,24.48075,2020/1/7 23:56,118.119986,24.480376,7,4.2,321
K827,2020/1/7 23:49,118.091151,24.483725,2020/1/7 23:56,118.082415,24.465351,3.2,8.3,155
6372,2020/1/7 23:46,118.076176,24.456831,2020/1/7 23:56,118.111616,24.438238,6.2,0.4,150
K316,2020/1/7 23:47,118.115041,24.478225,2020/1/7 23:56,118.16824,24.475803,5.9,2.9,60
25685,2020/1/7 23:49,118.122768,24.495335,2020/1/7 23:56,118.135713,24.513751,3.8,5.5,97
P839,2020/1/7 23:30,118.020588,24.644533,2020/1/7 23:56,118.073828,24.465948,26.7,0,130
23575,2020/1/7 23:45,118.076543,24.478435,2020/1/7 23:56,118.115896,24.473485,5.9,0.3,138
L636,2020/1/7 23:54,118.154835,24.48881,2020/1/7 23:58,118.138256,24.49328,1.7,0.6,59
K053,2020/1/7 23:50,118.172338,24.509163,2020/1/7 23:58,118.15451,24.506368,3.2,0.7,159
P833,2020/1/7 23:49,118.121281,24.47431,2020/1/7 23:56,118.113738,24.487721,2.9,7.3,93
N833,2020/1/7 23:49,118.078935,24.478706,2020/1/7 23:56,118.105305,24.484206,3.3,0.1,140
25822,2020/1/7 23:37,118.121936,24.50459,2020/1/7 23:57,118.086835,24.447075,9.8,2.4,402
P723,2020/1/7 23:48,118.143693,24.512216,2020/1/7 23:57,118.121065,24.47958,5.6,0.5,93
K093,2020/1/7 23:53,118.109596,24.432925,2020/1/8,118.08429,24.444375,3.6,4.7,84
21917,2020/1/7 23:48,118.143598,24.547565,2020/1/7 23:56,118.136125,24.518633,5.2,8.4,91
R886,2020/1/7 23:51,118.155978,24.482095,2020/1/7 23:57,118.170166,24.49325,2.8,1.1,66
R868,2020/1/7 23:41,118.126645,24.537043,2020/1/7 23:56,118.153473,24.488806,7.8,15.6,332
P706,2020/1/7 23:40,118.07067,24.473783,2020/1/7 23:56,118.123488,24.497921,8.4,11.9,360
G836,2020/1/7 23:51,118.101978,24.524303,2020/1/7 23:59,118.115138,24.4953,5.7,2.4,60
G836,2020/1/7 23:51,118.101978,24.524303,2020/1/7 23:59,118.115138,24.4953,5.7,2.4,60
R956,2020/1/7 23:47,118.073905,24.464856,2020/1/7 23:56,118.084463,24.445648,3.8,1.4,205
K217,2020/1/7 23:43,118.084581,24.43849,2020/1/7 23:54,118.140175,24.435041,7.6,11.9,228
H971,2020/1/8,118.15866,24.478005,2020/1/8 0:07,118.117643,24.479325,4.1,2.3,92
Q716,2020/1/7 23:47,118.122416,24.491058,2020/1/7 23:56,118.137405,24.511178,4.5,0.9,163
H660,2020/1/7 23:54,118.099242,24.507091,2020/1/8 0:01,118.121623,24.499411,3.9,0.2,60
J968,2020/1/7 23:49,118.109848,24.460912,2020/1/7 23:57,118.107848,24.477097,2.6,6.1,180
R122,2020/1/7 23:47,118.139253,24.53015,2020/1/7 23:56,118.128008,24.500888,6.4,0,110
N325,2020/1/7 23:53,118.071261,24.462525,2020/1/7 23:56,118.067556,24.465401,0.8,0.9,138
P188,2020/1/7 23:40,118.177973,24.473621,2020/1/7 23:56,118.147945,24.53423,9.6,2.7,153
Q705,2020/1/7 23:38,118.131933,24.723463,2020/1/7 23:56,118.102793,24.672696,9.7,6.5,383
7639,2020/1/7 23:52,118.167268,24.474353,2020/1/7 23:56,118.183258,24.487751,2.7,4.9,31
H036,2020/1/7 23:47,118.130593,24.487587,2020/1/8 0:01,118.070218,24.462993,7.7,8.3,240
N596,2020/1/7 23:34,118.1557,24.517078,2020/1/7 23:56,118.02497,24.477643,17.1,7.9,204
P911,2020/1/7 23:51,118.104371,24.482861,2020/1/7 23:56,118.11516,24.49362,2.4,1.2,88
18751,2020/1/7 23:45,118.137738,24.502456,2020/1/7 23:56,118.154371,24.475695,7.1,5.4,122
H135,2020/1/7 23:50,118.107831,24.497796,2020/1/8,118.10609,24.47126,3.8,0.2,195
R912,2020/1/7 23:48,118.136648,24.493845,2020/1/7 23:56,118.163015,24.482368,3.8,0.2,130
P986,2020/1/7 23:45,118.10675,24.471808,2020/1/7 23:56,118.126418,24.498106,4.4,9.9,185
K122,2020/1/7 23:46,118.105343,24.47179,2020/1/7 23:55,118.070075,24.473683,4.8,2.8,174
7936,2020/1/7 23:48,118.1363,24.503063,2020/1/7 23:56,118.157943,24.511471,4.6,2.5,122
L516,2020/1/7 23:37,118.1127,24.517538,2020/1/7 23:56,118.104185,24.591356,13,0,354
L993,2020/1/7 23:52,118.079703,24.449711,2020/1/7 23:59,118.098978,24.469396,3.4,0.5,118
P825,2020/1/7 23:49,118.106716,24.476528,2020/1/7 23:56,118.137503,24.480335,3.7,7.5,135
H786,2020/1/7 23:46,118.130235,24.509677,2020/1/7 23:57,118.095422,24.471137,6.8,5.8,120
P712,2020/1/7 23:42,118.136583,24.539465,2020/1/7 23:56,118.138193,24.493328,6.2,9.7,260
L563,2020/1/7 23:44,118.122196,24.495503,2020/1/7 23:57,118.166553,24.489856,5,5,363
R205,2020/1/7 23:46,118.07709,24.480706,2020/1/7 23:56,118.113471,24.489886,5.2,5.4,203
Q908,2020/1/7 23:42,118.181145,24.529491,2020/1/7 23:56,118.1214,24.603155,13,0,61
N377,2020/1/7 23:48,118.124573,24.500118,2020/1/7 23:56,118.142276,24.51414,3.8,0.4,165
11517,2020/1/7 23:53,118.121381,24.474595,2020/1/7 23:56,118.111418,24.472611,2.2,1,5
K207,2020/1/7 23:28,118.07075,24.638106,2020/1/7 23:58,0,0,23,21,279
17082,2020/1/7 23:46,118.084488,24.438411,2020/1/7 23:56,118.098868,24.469765,6.8,1.6,196
R515,2020/1/7 23:46,118.126943,24.536911,2020/1/7 23:56,118.116358,24.511366,5.5,3.2,157
R728,2020/1/7 23:52,118.122778,24.50213,2020/1/7 23:56,118.109241,24.510078,1.8,1.7,86
19019,2020/1/7 23:49,118.098453,24.492031,2020/1/7 23:56,118.123398,24.50445,3.4,1.9,177
K667,2020/1/7 23:47,118.112181,24.469228,2020/1/7 23:56,118.123883,24.504081,5,3.4,155
R871,2020/1/7 23:52,118.161346,24.488066,2020/1/7 23:56,118.161346,24.488066,3.4,2.4,9
P875,2020/1/7 23:46,118.085153,24.44408,2020/1/7 23:56,118.095528,24.470645,5.5,0.2,79
11980,2020/1/7 23:49,118.127468,24.53662,2020/1/7 23:56,118.106795,24.51979,5.4,3.6,11
Q350,2020/1/7 23:47,118.120696,24.505431,2020/1/7 23:56,118.120696,24.505431,4,0,155
18078,2020/1/7 23:41,118.12686,24.536916,2020/1/7 23:56,118.077663,24.453643,15.9,8.8,26
Q701,2020/1/7 23:48,118.069901,24.45808,2020/1/7 23:56,118.084126,24.4514,2.6,2.9,174
N985,2020/1/7 23:49,118.124035,24.48918,2020/1/7 23:56,118.110335,24.480728,2.4,2.1,155
K962,2020/1/7 23:47,118.128123,24.489823,2020/1/7 23:56,118.170525,24.477181,5.7,3.5,120
P356,2020/1/7 23:44,118.16486,24.522075,2020/1/7 23:56,118.110411,24.514261,6.1,2.4,113
G962,2020/1/7 23:58,118.181153,24.528007,2020/1/7 23:59,118.182777,24.527808,0.1,9.8,0
19862,2020/1/7 23:45,118.148361,24.515533,2020/1/7 23:56,118.125255,24.495591,4.2,3.1,284
E898,2020/1/7 23:47,0,0,2020/1/7 23:58,118.123366,24.494457,8.9,2.3,60
38573,2020/1/7 23:50,118.116448,24.482046,2020/1/7 23:56,118.100576,24.469923,3,7.5,96
H081,2020/1/7 23:45,118.096345,24.490723,2020/1/7 23:56,118.139085,24.511468,6.2,14.3,180
H097,2020/1/7 23:58,118.119085,24.50065,2020/1/8 0:04,118.141612,24.504305,4.5,4.6,0
N267,2020/1/7 23:47,118.150986,24.525913,2020/1/7 23:56,118.182665,24.518828,6.2,2.1,132
23316,2020/1/7 23:52,118.148215,24.50197,2020/1/7 23:56,118.109118,24.496291,3.9,0,3
5032,2020/1/7 23:45,118.127855,24.49973,2020/1/7 23:56,118.169266,24.48305,6.7,7.6,128
H229,2020/1/7 23:47,118.117792,24.491447,2020/1/7 23:57,118.160283,24.512,6.6,4.9,60
Q993,2020/1/7 23:37,118.130225,24.47918,2020/1/7 23:56,118.170456,24.460768,6.4,3.3,567
15160,2020/1/7 23:46,118.144511,24.546681,2020/1/7 23:56,118.1017,24.530105,7.2,12.5,64
G937,2020/1/7 23:51,118.10262,24.545175,2020/1/7 23:57,118.10164,24.53055,2.7,7.9,120
K895,2020/1/7 23:48,118.144131,24.545521,2020/1/7 23:57,118.113441,24.521221,7.4,15.9,52
Q532,2020/1/7 23:48,118.141036,24.478648,2020/1/7 23:56,118.11634,24.485938,3.6,4.2,117
L503,2020/1/7 23:51,118.151311,24.509346,2020/1/7 23:57,118.169278,24.503056,3.2,2.3,96
L599,2020/1/7 23:53,118.127533,24.492971,2020/1/8,118.125518,24.478881,3.5,1.4,104
G797,2020/1/7 23:50,118.1252,24.488193,2020/1/7 23:55,118.119602,24.47985,1.5,1.3,60
P182,2020/1/7 23:46,125.277588,18.58262,2020/1/7 23:56,125.277588,18.58262,4.3,0.8,159
R798,2020/1/7 23:49,118.124818,24.495323,2020/1/7 23:56,118.112778,24.472623,3.2,0.9,185
P836,2020/1/7 23:54,118.122983,24.494131,2020/1/7 23:56,118.122441,24.495881,1.2,1.7,4
60052,2020/1/7 23:55,118.116036,24.482196,2020/1/7 23:56,118.107055,24.477228,1.1,2.6,14
36892,2020/1/7 23:51,118.10345,24.46764,2020/1/7 23:56,118.08382,24.447411,3.7,2.8,71
L898,2020/1/7 23:43,118.178135,24.466583,2020/1/7 23:53,118.135113,24.494926,6.2,4.1,120
G697,2020/1/7 23:54,118.118835,24.48738,2020/1/8,118.101025,24.467188,3.1,0.5,0
R269,2020/1/7 23:45,118.105613,24.519215,2020/1/7 23:56,118.073706,24.484358,5.6,0,206
K372,2020/1/7 23:50,118.17598,24.510875,2020/1/7 23:55,118.182395,24.532811,3,0,37
K363,2020/1/7 23:54,118.111658,24.438328,2020/1/7 23:57,118.119061,24.430985,1.5,1.8,14
L100,2020/1/7 23:53,118.112786,24.50981,2020/1/7 23:57,118.089125,24.511126,2.5,0,51
11712,2020/1/7 23:50,118.151563,24.525655,2020/1/7 23:56,118.137303,24.511316,2.8,1.2,110
P000,2020/1/7 23:45,118.128803,24.496581,2020/1/7 23:56,118.10573,24.519263,4.1,1.5,218
R290,2020/1/7 23:46,118.107473,24.518693,2020/1/7 23:56,118.128183,24.496736,4.1,1,192
P103,2020/1/7 23:53,118.141301,24.504181,2020/1/7 23:56,118.151386,24.50638,1.6,17.9,53
H085,2020/1/7 23:35,118.311502,24.468303,2020/1/7 23:59,118.145738,24.54157,11.2,0.5,480
H030,2020/1/7 23:44,118.120678,24.481422,2020/1/8 0:02,118.154993,24.488577,7.6,0,300
L356,2020/1/7 23:49,118.109558,24.460925,2020/1/7 23:57,118.136738,24.492953,5.8,5.2,67
17036,2020/1/7 23:52,118.103333,24.4824,2020/1/7 23:56,118.098608,24.491661,1.1,1.6,164
G762,2020/1/7 23:48,118.102757,24.545057,2020/1/8 0:01,118.086295,24.498708,8,7,120
H150,2020/1/7 23:47,118.149428,24.49304,2020/1/7 23:57,118.174043,24.506108,4.3,1.7,165
R209,2020/1/7 23:54,118.101888,24.524361,2020/1/7 23:56,118.098428,24.527495,0.6,0,37
K737,2020/1/7 23:37,118.128921,24.496708,2020/1/7 23:59,118.165121,24.474518,8.5,0,491
K060,2020/1/7 23:47,118.015162,24.53456,2020/1/7 23:56,118.049771,24.49201,8.5,1.5,0
K818,2020/1/7 23:47,118.187001,24.477506,2020/1/7 23:52,118.184506,24.49941,3.3,5.6,22
E997,2020/1/7 23:49,118.07361,24.462343,2020/1/7 23:55,118.08809,24.4395,3.1,13.4,60
K102,2020/1/7 23:47,118.111335,24.47248,2020/1/7 23:56,118.093213,24.473448,3.2,2.6,266
R116,2020/1/7 23:52,118.076088,24.457748,2020/1/7 23:55,118.082883,24.442983,1.9,1.7,7
H038,2020/1/7 23:44,118.102558,24.531792,2020/1/7 23:55,118.097785,24.507225,6.5,4.8,60
13170,2020/1/7 23:36,118.095616,24.514195,2020/1/7 23:56,118.106733,24.464561,8.7,0,424
Q838,2020/1/7 23:50,118.172421,24.485946,2020/1/7 23:55,118.151278,24.488931,1.9,6,206
15906,2020/1/7 23:45,118.110063,24.471746,2020/1/7 23:55,118.165828,24.469566,6.4,3.5,157
K262,2020/1/7 23:47,118.11853,24.486521,2020/1/7 23:55,118.133801,24.490278,2.3,4.5,214
19787,2020/1/7 23:47,118.074551,24.45983,2020/1/7 23:56,118.106085,24.480353,4.6,5.8,135
P166,2020/1/7 23:38,118.15457,24.48881,2020/1/7 23:55,118.084091,24.471005,8.1,0.3,425
6886,2020/1/7 23:45,118.110151,24.477006,2020/1/7 23:55,118.135668,24.498363,4.6,1.8,152
M187,2020/1/7 23:48,118.090703,24.485101,2020/1/7 23:56,118.123036,24.49924,4.7,11.2,122
P310,2020/1/7 23:46,118.171136,24.50703,2020/1/7 23:55,118.183133,24.487105,3.7,8,238
22376,2020/1/7 23:43,118.153995,24.479083,2020/1/7 23:55,118.113505,24.509833,7,4.3,201
H037,2020/1/7 23:49,118.15154,24.508567,2020/1/7 23:55,118.131545,24.489645,5.3,4.4,0
L378,2020/1/7 23:33,118.07635,24.459008,2020/1/7 23:57,118.184856,24.474495,12.7,1.3,484
P306,2020/1/7 23:41,118.14414,24.472391,2020/1/7 23:55,118.14414,24.472391,9.4,0.1,121
L200,2020/1/7 23:52,118.123788,24.49532,2020/1/7 23:57,118.116008,24.486998,2.9,6.9,70
G619,2020/1/7 23:50,118.106353,24.47423,2020/1/7 23:56,118.105742,24.490498,2.7,4.2,60
P131,2020/1/7 23:49,118.159398,24.527803,2020/1/7 23:55,118.15051,24.513168,3.8,4.4,129
K992,2020/1/7 23:51,118.112258,24.481461,2020/1/8 0:01,118.11689,24.520066,5.7,5.5,136
G857,2020/1/7 23:47,118.098023,24.47501,2020/1/7 23:55,118.116112,24.48177,3.5,0,60
Q596,2020/1/7 23:50,118.098326,24.466831,2020/1/7 23:56,118.081828,24.455003,2.3,3.9,162
37182,2020/1/7 23:47,118.11857,24.481405,2020/1/7 23:56,118.122498,24.495091,3,13.9,250
L011,2020/1/7 23:49,118.142116,24.496705,2020/1/7 23:56,118.162285,24.511555,4,11.5,67
P855,2020/1/7 23:45,118.115253,24.484671,2020/1/7 23:56,118.08641,24.498736,4.2,1.4,250
R362,2020/1/7 23:47,118.11768,24.479363,2020/1/7 23:56,118.084505,24.459071,4.4,1.6,170
R219,2020/1/7 23:44,118.103333,24.472923,2020/1/7 23:56,118.082571,24.498566,5,5.2,258
8530,2020/1/7 23:41,118.124343,24.48959,2020/1/7 23:56,118.071871,24.464571,7.7,7.8,274
11028,2020/1/7 23:46,118.153923,24.479051,2020/1/7 23:56,118.135933,24.497236,4.3,1.1,157
N232,2020/1/7 23:44,118.075545,24.468418,2020/1/7 23:56,118.110506,24.488971,5.2,3.4,291
H775,2020/1/7 23:51,118.130518,24.50103,2020/1/7 23:56,118.11242,24.481057,4.3,3.1,0
G711,2020/1/7 23:39,118.172985,24.49239,2020/1/7 23:55,118.124995,24.492492,8.3,2.8,120
L608,2020/1/7 23:51,118.145385,24.5313,2020/1/8 0:02,118.136741,24.501438,7.1,1.8,167
L527,2020/1/7 23:39,118.076738,24.491673,2020/1/7 23:55,118.147058,24.522335,8.8,5.4,220
Q582,2020/1/7 23:47,118.120608,24.513295,2020/1/7 23:56,118.120978,24.479281,5.5,0.1,178
E975,2020/1/7 23:49,118.14901,24.525222,2020/1/7 23:56,118.110677,24.514323,4,0,120
G737,2020/1/7 23:42,118.051545,24.604352,2020/1/7 23:58,117.977985,24.539095,14.5,2.9,60
H679,2020/1/7 23:46,0,0,2020/1/7 23:56,118.141145,24.511645,6.8,2.4,60
R295,2020/1/7 23:51,118.114671,24.478961,2020/1/7 23:56,118.140905,24.476773,2.9,19.1,28
30225,2020/1/7 23:42,118.121821,24.533548,2020/1/7 23:56,118.138588,24.493156,6.2,15.9,318
K836,2020/1/7 23:45,118.155751,24.516828,2020/1/7 23:58,118.09896,24.469631,10.9,2.3,138
K697,2020/1/7 23:41,118.083195,24.443395,2020/1/7 23:55,118.170038,24.505776,13,0.6,93
6887,2020/1/7 23:36,118.053751,24.573095,2020/1/7 23:55,118.113218,24.470091,19.8,1.4,109
L980,2020/1/7 23:39,118.156575,24.484108,2020/1/7 23:56,118.093868,24.492146,8,5.8,296
K212,2020/1/7 23:45,118.130638,24.520191,2020/1/7 23:53,118.137278,24.532281,3.7,0.7,80
K806,2020/1/7 23:54,118.10004,24.524053,2020/1/7 23:58,118.105421,24.527455,1.5,1.3,61
K113,2020/1/7 23:39,118.015985,24.588088,2020/1/7 23:57,118.104718,24.523378,14.1,25.5,142
Q650,2020/1/7 23:53,118.119775,24.480036,2020/1/7 23:55,118.11631,24.48185,0.5,18,78
N038,2020/1/7 23:37,118.08051,24.469726,2020/1/7 23:55,118.133646,24.520418,11.2,8.7,388
K759,2020/1/7 23:46,118.138566,24.436918,2020/1/7 23:58,118.082256,24.454133,9.4,2.4,75
Q686,2020/1/7 23:36,118.118165,24.500255,2020/1/7 23:55,118.095933,24.587175,13.2,5.7,303
N827,2020/1/7 23:45,118.083745,24.456765,2020/1/7 23:56,118.101601,24.49279,5.3,7.3,241
K002,2020/1/7 23:43,118.128413,24.496876,2020/1/7 23:55,118.166747,24.529135,7.6,1,180
36612,2020/1/7 23:45,118.151366,24.488728,2020/1/7 23:55,118.13041,24.500488,4.1,3.4,197
L001,2020/1/7 23:52,118.126701,24.529993,2020/1/7 23:57,118.149458,24.529788,3.6,13.7,38
K063,2020/1/7 23:56,118.117,24.439203,2020/1/8,118.118125,24.4285,1.3,0.4,89
17657,2020/1/7 23:40,118.130585,24.533948,2020/1/7 23:56,118.0494,24.514801,17.7,6.6,61
K968,2020/1/7 23:46,118.14408,24.547175,2020/1/7 23:59,118.111375,24.59285,9.8,2.6,141
18356,2020/1/7 23:52,118.091545,24.488651,2020/1/7 23:55,118.106866,24.506213,2.7,1.3,22
Q193,2020/1/7 23:50,118.154556,24.488836,2020/1/7 23:55,118.164178,24.49158,2.3,2.4,88
9120,2020/1/7 23:49,118.11056,24.472565,2020/1/7 23:56,118.092471,24.472188,2.2,0.1,156
R822,2020/1/7 23:44,118.11236,24.48096,2020/1/7 23:56,118.15503,24.488795,6.3,3.4,215
K321,2020/1/7 23:39,118.128938,24.699908,2020/1/7 23:53,118.110236,24.606605,12.4,8.4,52
Q721,2020/1/7 23:45,118.110025,24.471716,2020/1/7 23:55,118.12289,24.513103,5.6,2.6,213
19921,2020/1/7 23:44,118.088783,24.576838,2020/1/7 23:55,118.127011,24.521786,9.6,4.3,40
K728,2020/1/7 23:54,118.121155,24.503558,2020/1/7 23:58,118.123103,24.513998,1.8,3.6,30
H226,2020/1/7 23:48,117.995925,24.606192,2020/1/7 23:55,118.016235,24.587175,2.9,13.2,120
L902,2020/1/7 23:37,118.125456,24.50666,2020/1/7 23:57,118.146931,24.448251,9.9,0.3,484
Q178,2020/1/7 23:53,117.98818,24.473885,2020/1/7 23:59,118.116413,24.50852,3.1,1.6,67
K618,2020/1/7 23:40,118.165127,24.49577,2020/1/7 23:52,118.110758,24.477501,7.4,4.8,120
K850,2020/1/7 23:43,118.102905,24.472746,2020/1/7 23:58,118.136328,24.524676,9.1,3.8,188
N385,2020/1/7 23:50,118.172066,24.486068,2020/1/7 23:55,118.152933,24.488868,1.7,2.3,152
R223,2020/1/7 23:44,118.11918,24.517928,2020/1/7 23:55,118.154648,24.488591,7.6,0.9,122
G751,2020/1/7 23:36,118.166481,24.487555,2020/1/7 23:55,118.108956,24.490728,6.9,20.5,439
R510,2020/1/7 23:46,118.15516,24.506153,2020/1/7 23:55,118.118005,24.486523,5.5,2.2,183
N355,2020/1/7 23:51,118.109396,24.467988,2020/1/7 23:55,118.109396,24.467988,1.6,1.5,100
L193,2020/1/7 23:55,118.103553,24.481618,2020/1/7 23:58,118.111863,24.483131,1,0,97
R665,2020/1/7 23:43,118.12214,24.490256,2020/1/7 23:56,118.144703,24.523703,6.2,4.9,301
N919,2020/1/7 23:46,118.130658,24.510775,2020/1/7 23:53,118.14401,24.499225,3.9,1.2,111
P107,2020/1/7 23:31,118.158233,24.454313,2020/1/7 23:55,118.158233,24.454313,17.3,0,309
1683,2020/1/7 23:48,118.129398,24.496905,2020/1/7 23:55,118.146463,24.515095,3.7,1.1,64
P109,2020/1/7 23:50,118.108815,24.473216,2020/1/7 23:55,118.087251,24.465496,2.6,3.3,59
N363,2020/1/7 23:40,118.145355,24.527423,2020/1/7 23:55,118.141023,24.478788,5.9,7.3,386
K525,2020/1/7 23:46,118.171661,24.510713,2020/1/7 23:53,118.136016,24.49742,4.3,2,133
P650,2020/1/7 23:41,118.120233,24.474523,2020/1/7 23:55,118.077151,24.477111,5.7,0.3,285
R801,2020/1/7 23:48,118.153955,24.478743,2020/1/7 23:55,118.165498,24.496255,2.7,1.3,105
H708,2020/1/7 23:51,118.119095,24.47963,2020/1/7 23:56,118.121717,24.499297,3,26.2,0
K091,2020/1/7 23:48,118.15972,24.531355,2020/1/7 23:59,118.128875,24.496728,7.9,8,155
P392,2020/1/7 23:40,118.166346,24.487555,2020/1/7 23:55,118.098051,24.507235,9.8,5.1,170
13951,2020/1/7 23:50,118.13608,24.499086,2020/1/7 23:55,118.119231,24.499965,4.6,2.8,12
H500,2020/1/7 23:55,118.121698,24.474397,2020/1/8,118.105132,24.47273,1.9,0.5,60
E858,2020/1/7 23:46,118.112028,24.491877,2020/1/7 23:56,118.097828,24.460967,4.7,0.4,120
L818,2020/1/7 23:57,118.136275,24.494268,2020/1/8 0:01,118.117828,24.486268,2.1,0.7,48
32597,2020/1/7 23:44,118.039928,24.502643,2020/1/7 23:55,118.004058,24.519165,7.5,4.4,117
N885,2020/1/7 23:47,118.138243,24.525266,2020/1/7 23:55,118.116148,24.48138,7.8,5.8,5
H650,2020/1/7 23:57,118.13636,24.494238,2020/1/7 23:59,118.125525,24.494961,1.1,2.2,36
Q166,2020/1/7 23:39,118.101825,24.544288,2020/1/7 23:55,118.13825,24.492995,9.1,18.6,328
K565,2020/1/7 23:43,118.106896,24.477211,2020/1/7 23:54,118.082583,24.452011,5.2,0,182
37395,2020/1/7 23:42,118.0791,24.568925,2020/1/7 23:55,118.119156,24.497273,10.4,3.8,103
H033,2020/1/7 23:47,118.09655,24.522498,2020/1/7 23:54,118.126822,24.529843,5.2,0,0
H830,2020/1/7 23:48,118.116421,24.508365,2020/1/7 23:56,118.13933,24.53309,5.3,0,128
R821,2020/1/7 23:53,118.148678,24.482533,2020/1/7 23:55,118.140141,24.480255,1.5,2.2,18
G802,2020/1/7 23:46,118.074408,24.486567,2020/1/7 23:56,118.03055,24.499102,8.4,15.1,60
R133,2020/1/7 23:46,118.136378,24.493568,2020/1/7 23:55,118.121721,24.504741,3.8,2.1,248
J006,2020/1/7 23:34,0,0,2020/1/7 23:55,118.082216,24.453932,9.7,5.3,420
Q003,2020/1/7 23:45,118.112315,24.47327,2020/1/7 23:55,118.151471,24.513295,7.3,0.5,113
R727,2020/1/7 23:50,118.121785,24.491938,2020/1/7 23:55,118.127651,24.509693,3,6.7,67
N260,2020/1/7 23:45,118.135993,24.497535,2020/1/7 23:55,118.091083,24.490313,7.2,2.4,89
20810,2020/1/7 23:42,118.073103,24.457725,2020/1/7 23:55,118.15074,24.457105,12.7,0.4,18
R297,2020/1/7 23:43,118.12778,24.49896,2020/1/7 23:55,118.177693,24.525298,8.9,7.3,50
28229,2020/1/7 23:44,118.151366,24.488723,2020/1/7 23:55,118.17896,24.527813,6.8,5,172
P890,2020/1/7 23:50,118.133061,24.529715,2020/1/7 23:55,118.145618,24.514938,2.1,0,119
K775,2020/1/7 23:42,118.12628,24.494098,2020/1/7 23:58,118.163743,24.542828,9.6,5.4,238
Q075,2020/1/7 23:42,118.127801,24.49908,2020/1/7 23:55,118.144736,24.531173,7.2,4.1,209
N285,2020/1/7 23:44,118.153793,24.47721,2020/1/7 23:55,118.16685,24.526151,8.7,0.8,66
16296,2020/1/7 23:37,118.134128,24.51775,2020/1/7 23:55,118.096886,24.488575,7.3,0.1,402
16056,2020/1/7 23:45,118.163258,24.52117,2020/1/7 23:55,118.118908,24.508045,7.2,1.4,156
L683,2020/1/7 23:52,118.110555,24.477923,2020/1/7 23:58,118.08734,24.462373,4.1,6.9,60
P568,2020/1/7 23:43,118.115413,24.486325,2020/1/7 23:55,118.168183,24.472953,6.4,2.6,120
R128,2020/1/7 23:46,118.151236,24.513455,2020/1/7 23:55,118.11628,24.508501,3.7,0.7,234
38232,2020/1/7 23:23,118.069511,24.635763,2020/1/7 23:55,118.082205,24.495071,25.9,9.6,398
19392,2020/1/7 23:43,118.112626,24.485568,2020/1/7 23:55,118.075461,24.463938,5.5,4.1,313
K328,2020/1/7 23:24,118.120646,24.481281,2020/1/7 23:56,117.938401,24.569895,26.7,3.2,379
L135,2020/1/7 23:34,118.074563,24.461786,2020/1/7 23:57,118.188698,24.530698,18,1.6,220
Q780,2020/1/7 23:42,118.149696,24.47952,2020/1/7 23:55,118.143553,24.52643,6.9,5,291
K219,2020/1/7 23:25,0,0,2020/1/7 23:33,0,0,3.9,1,120
Q188,2020/1/7 23:40,118.11108,24.472253,2020/1/7 23:55,118.12579,24.4282,9.8,1.8,230
21826,2020/1/7 23:48,118.110858,24.487333,2020/1/7 23:55,118.127593,24.496745,2.4,1.5,139
P198,2020/1/7 23:48,118.088713,24.507376,2020/1/7 23:55,118.112623,24.50967,2.9,0.1,177
R578,2020/1/7 23:40,118.119643,24.479778,2020/1/7 23:55,118.103373,24.51794,6,0.2,426
L716,2020/1/7 23:44,118.109953,24.472071,2020/1/7 23:55,118.127443,24.530551,8.6,1.4,125
1650,2020/1/7 23:53,118.13585,24.497171,2020/1/7 23:55,118.129378,24.496543,0.9,4.5,13
G969,2020/1/7 23:48,118.097133,24.53192,2020/1/7 23:59,118.11319,24.482603,7.1,0.4,60
Q911,2020/1/7 23:51,118.051608,24.573325,2020/1/7 23:55,118.06064,24.56708,1.7,3,112
K017,2020/1/7 23:51,118.120723,24.479516,2020/1/7 23:55,118.108661,24.481885,1.6,3.2,51
G600,2020/1/7 23:49,118.110127,24.47183,2020/1/7 23:56,118.14105,24.479362,4.2,0.8,0
H926,2020/1/7 23:50,118.126562,24.529953,2020/1/7 23:54,118.112041,24.540322,3.2,7,0
L103,2020/1/7 23:45,118.122991,24.471648,2020/1/7 23:53,118.143835,24.49868,4.5,0,116
36716,2020/1/7 23:52,118.105821,24.519416,2020/1/7 23:55,118.10012,24.52639,1.2,13.9,61
31976,2020/1/7 23:35,118.14351,24.521818,2020/1/7 23:55,118.07861,24.610931,14.5,0,221
H259,2020/1/7 23:46,118.11608,24.482212,2020/1/7 23:56,118.150433,24.488922,4.8,1.4,180
Q737,2020/1/7 23:46,118.090925,24.483655,2020/1/7 23:55,118.078975,24.460096,4.2,1.6,111
Q026,2020/1/7 23:47,118.117125,24.511463,2020/1/7 23:55,118.120181,24.480585,6.8,0,34
11706,2020/1/7 23:46,118.121998,24.48468,2020/1/7 23:55,118.158556,24.477703,5.1,1.6,102
N328,2020/1/7 23:39,118.054081,24.564118,2020/1/7 23:55,118.107048,24.477246,17.5,1.8,73
K281,2020/1/7 23:47,118.12728,24.536843,2020/1/7 23:55,118.1428,24.534358,2.6,14.2,158
Q713,2020/1/7 23:49,118.108296,24.492621,2020/1/7 23:54,118.126416,24.49447,2.4,6.3,145
J002,2020/1/7 23:34,118.07881,24.479837,2020/1/7 23:56,118.173593,24.464898,11.8,2.5,300
L582,2020/1/7 23:48,118.043581,24.56611,2020/1/7 23:55,118.021745,24.58399,3.5,15.1,149
P838,2020/1/7 23:43,118.14004,24.48019,2020/1/7 23:55,118.145043,24.531306,7.5,4.1,135
P852,2020/1/7 23:50,118.121166,24.489358,2020/1/7 23:55,118.116075,24.480961,1.9,0,91
N237,2020/1/7 23:47,118.12129,24.479295,2020/1/7 23:55,118.125625,24.494226,3.4,1.1,186
L207,2020/1/7 23:41,118.086148,24.471295,2020/1/7 23:56,118.172613,24.480056,9.6,0.1,126
H969,2020/1/7 23:35,118.113458,24.488245,2020/1/7 23:53,118.139107,24.530108,9,1.5,360
L797,2020/1/7 23:41,118.119163,24.479635,2020/1/7 23:56,118.093833,24.512725,5.5,4.1,325
R303,2020/1/7 23:47,118.140051,24.480281,2020/1/7 23:55,118.116121,24.47138,3.5,6.4,234
Q857,2020/1/7 23:50,118.127906,24.500788,2020/1/7 23:55,118.141236,24.494366,2.3,0.2,56
21526,2020/1/7 23:43,118.09567,24.463955,2020/1/7 23:55,118.114305,24.51355,6.9,0.3,141
Q190,2020/1/7 23:26,118.172206,24.486105,2020/1/7 23:55,118.08889,24.466166,11.4,5,666
L728,2020/1/7 23:44,118.138845,24.530776,2020/1/7 23:57,118.15088,24.523028,5.9,1.5,155
K580,2020/1/7 23:27,118.07073,24.638065,2020/1/7 23:59,118.252928,24.665923,28.9,19.3,137
Q303,2020/1/7 23:44,118.137876,24.532528,2020/1/7 23:55,118.119986,24.480631,8.4,6.1,111
H591,2020/1/7 23:51,118.168418,24.474188,2020/1/7 23:56,118.154636,24.488821,2.7,0.8,22
15920,2020/1/7 23:43,118.14988,24.48852,2020/1/7 23:55,118.120538,24.489298,4.8,0.1,282
G901,2020/1/7 23:44,118.090825,24.470217,2020/1/7 23:53,118.09088,24.470183,3.8,0.5,60
B753,2020/1/7 23:38,118.080913,24.46396,2020/1/7 23:57,118.107388,24.499185,6.5,9.2,420
597,2020/1/7 23:42,118.107056,24.4953,2020/1/7 23:55,118.078936,24.46353,6.5,0.8,264
R207,2020/1/7 23:48,118.182455,24.510943,2020/1/7 23:55,118.172933,24.480615,4.4,0.8,114
39875,2020/1/7 23:45,118.108843,24.531505,2020/1/7 23:55,118.13845,24.53118,6.2,5.1,82
L689,2020/1/7 23:48,118.026888,24.478646,2020/1/7 23:54,118.040161,24.492826,2.6,0,107
K706,2020/1/7 23:52,118.159041,24.4779,2020/1/7 23:57,118.144265,24.493853,3.5,1.7,29
L328,2020/1/7 23:25,118.084443,24.438031,2020/1/7 23:55,118.190591,24.493795,26.2,7.8,331
K158,2020/1/7 23:51,118.113264,24.474445,2020/1/7 23:58,118.091164,24.483711,3.2,3.2,120
N097,2020/1/7 23:53,118.112501,24.469198,2020/1/7 23:55,118.111771,24.472833,0.5,2.4,50
22391,2020/1/7 23:15,118.147078,24.658333,2020/1/7 23:55,117.99337,24.522903,26.1,3,581
N882,2020/1/7 23:36,118.149251,24.49101,2020/1/7 23:55,118.090905,24.48365,9,3.1,535
G788,2020/1/7 23:40,118.09989,24.489287,2020/1/7 23:56,118.106038,24.43494,9.8,7.8,180
K351,2020/1/7 23:49,118.144435,24.523661,2020/1/7 23:54,118.130765,24.520495,2.5,0,67
12969,2020/1/7 23:41,118.088698,24.468333,2020/1/7 23:54,118.102471,24.52626,7.9,0.1,222
R676,2020/1/7 23:43,118.105113,24.473363,2020/1/7 23:55,118.124746,24.509075,5.7,0.7,210
R203,2020/1/7 23:41,118.108853,24.510876,2020/1/7 23:55,118.18058,24.509791,9.1,0,210
N969,2020/1/7 23:50,118.174065,24.50627,2020/1/7 23:55,118.168556,24.50974,1.7,7.8,148
L098,2020/1/7 23:40,118.140275,24.480303,2020/1/7 23:57,118.092523,24.510695,7.9,1.5,407
P959,2020/1/7 23:45,118.126803,24.530065,2020/1/7 23:54,118.109161,24.510005,6.5,20.8,109
L220,2020/1/7 23:50,118.172521,24.509226,2020/1/7 23:56,118.188641,24.530628,4.6,5.8,6
18020,2020/1/7 23:45,118.110133,24.526015,2020/1/7 23:54,118.070068,24.462725,9.2,1.8,4
L222,2020/1/7 23:45,118.112063,24.540335,2020/1/7 23:55,118.158101,24.522791,8.1,3.6,43
N552,2020/1/7 23:46,118.14332,24.547595,2020/1/7 23:55,118.135688,24.520811,4.2,3.7,122
5011,2020/1/7 23:41,118.185126,24.487776,2020/1/7 23:54,118.117208,24.47907,8.2,1.1,202
Q327,2020/1/7 23:42,118.114271,24.480678,2020/1/7 23:54,118.097613,24.507276,4.8,6.9,269
R602,2020/1/7 23:42,118.170445,24.493566,2020/1/7 23:54,118.131886,24.521673,6.8,22.7,265
11519,2020/1/7 23:47,118.112628,24.469348,2020/1/7 23:54,118.11692,24.439108,5.4,6.5,26
8458,2020/1/7 23:44,118.128175,24.535553,2020/1/7 23:55,118.09402,24.512116,7.9,6.7,86
N362,2020/1/7 23:43,118.080865,24.463938,2020/1/7 23:55,118.122565,24.496558,6,7.1,222
H179,2020/1/7 23:46,118.09898,24.523464,2020/1/7 23:57,118.090477,24.472492,8.9,0,60
N333,2020/1/7 23:40,118.181778,24.532818,2020/1/7 23:54,118.162106,24.487923,7.2,1,241
K172,2020/1/7 23:32,118.114231,24.478941,2020/1/7 23:53,118.115036,24.476128,13.4,2.8,271
K239,2020/1/7 23:44,118.136423,24.503421,2020/1/7 23:56,118.160058,24.467061,9,1.8,79
R159,2020/1/7 23:53,118.120276,24.508971,2020/1/7 23:55,118.120276,24.508971,0.5,3.3,91
27520,2020/1/7 23:44,118.105945,24.519223,2020/1/7 23:55,118.144428,24.523631,4.7,2,232
33381,2020/1/7 23:42,118.069371,24.46297,2020/1/7 23:53,118.129528,24.476855,6.6,12.1,145
K293,2020/1/7 23:34,118.155735,24.481143,2020/1/7 23:56,118.081033,24.445481,11.3,1.2,432
H608,2020/1/7 23:51,118.136557,24.511375,2020/1/7 23:56,118.122573,24.490595,3,0.7,60
P508,2020/1/7 23:42,118.105785,24.490478,2020/1/7 23:55,118.0805,24.45885,6.1,1.2,246
16850,2020/1/7 23:42,118.083105,24.443236,2020/1/7 23:55,118.10666,24.477236,6.1,0,267
L209,2020/1/7 23:50,118.078358,24.469158,2020/1/7 23:57,118.085983,24.446275,5,3.6,33
L068,2020/1/7 23:48,118.141335,24.494613,2020/1/7 23:57,118.154851,24.481495,2.7,3.6,247
G557,2020/1/7 23:46,118.108875,24.470642,2020/1/7 23:55,118.09134,24.47003,4.1,5.3,120
K350,2020/1/7 23:38,118.137991,24.511238,2020/1/7 23:58,118.083655,24.439193,14.4,9.6,376
R058,2020/1/7 23:50,118.117261,24.479016,2020/1/7 23:55,118.136,24.501463,3.6,0.5,66
R182,2020/1/7 23:43,118.074196,24.485583,2020/1/7 23:55,118.10673,24.472158,6.2,11,221
L869,2020/1/7 23:50,118.10925,24.4611,2020/1/7 23:57,118.088055,24.46934,2.9,0.4,155
G985,2020/1/7 23:39,118.180597,24.490737,2020/1/7 23:58,118.084177,24.445333,15.5,7.5,180
M183,2020/1/7 23:48,118.13466,24.516013,2020/1/7 23:59,118.093858,24.51283,5.4,2.5,186
L320,2020/1/7 23:44,118.18121,24.47755,2020/1/7 23:53,118.157068,24.480521,4,0.2,115
E889,2020/1/7 23:47,118.03141,24.55271,2020/1/7 23:54,118.044172,24.566022,3.9,7.5,60
L692,2020/1/7 23:34,118.150481,24.488923,2020/1/7 23:59,118.311378,24.613053,25,3.6,124
11396,2020/1/7 23:47,118.13065,24.520475,2020/1/7 23:54,118.13263,24.530473,2.9,0,159
30317,2020/1/7 23:46,118.106652,24.476695,2020/1/7 23:55,118.126764,24.494575,3.7,3.9,180
P572,2020/1/7 23:41,118.119158,24.430995,2020/1/7 23:54,118.107811,24.477155,6.6,1.1,108
N299,2020/1/7 23:34,118.101921,24.524266,2020/1/7 23:54,118.154575,24.531895,9.4,0.8,454
R126,2020/1/7 23:46,118.084501,24.43832,2020/1/7 23:54,118.11168,24.440171,4.3,5.8,138
G813,2020/1/7 23:26,118.158827,24.447503,2020/1/7 23:54,118.039398,24.502417,21.8,0.4,300
10832,2020/1/7 23:46,118.091805,24.511336,2020/1/7 23:54,118.111531,24.540458,5.5,0.5,60
P158,2020/1/7 23:46,118.10975,24.514295,2020/1/7 23:54,118.12733,24.530473,4.9,0,61
G700,2020/1/7 23:50,118.042473,24.561618,2020/1/7 23:54,118.056677,24.564017,2.3,3.3,0
R712,2020/1/7 23:46,118.135351,24.502068,2020/1/7 23:54,118.107013,24.533398,6.3,0.2,27
16396,2020/1/7 23:37,118.107121,24.519868,2020/1/7 23:54,118.124875,24.62548,14.8,9,52
6088,2020/1/7 23:44,118.080878,24.463905,2020/1/7 23:54,118.101835,24.477556,3.2,7.5,292
R769,2020/1/7 23:40,118.112433,24.517558,2020/1/7 23:54,118.142911,24.534488,5.9,0.1,370
Q135,2020/1/7 23:52,118.101708,24.53017,2020/1/7 23:54,118.100195,24.526235,0.4,1.4,71
P020,2020/1/7 23:48,118.09107,24.453105,2020/1/7 23:59,118.116825,24.470605,5,0,191
G953,2020/1/7 23:49,118.082937,24.454412,2020/1/7 23:57,118.094542,24.468653,2.7,5.2,180
H260,2020/1/7 23:52,118.114805,24.486758,2020/1/7 23:54,118.116089,24.481057,0.9,2,0
25272,2020/1/7 23:48,118.159501,24.527866,2020/1/7 23:54,118.143548,24.526448,2.5,0,136
Q585,2020/1/7 23:36,118.146025,24.449885,2020/1/7 23:54,118.10792,24.472033,9.1,9.3,448
R293,2020/1/7 23:46,118.1163,24.476226,2020/1/7 23:55,118.129673,24.497333,3,0.1,275
H053,2020/1/7 23:53,118.122035,24.516926,2020/1/7 23:57,118.144115,24.523408,2.3,2,21
K933,2020/1/7 23:44,118.104981,24.471058,2020/1/7 23:55,118.116681,24.511411,5.7,5.4,171
K929,2020/1/7 23:47,118.10719,24.494211,2020/1/7 23:56,118.070751,24.473798,5.5,0,183
R885,2020/1/7 23:37,118.120621,24.48139,2020/1/7 23:54,118.104615,24.523238,6,2,549
R508,2020/1/7 23:38,118.082563,24.467776,2020/1/7 23:54,118.15641,24.51472,11.8,1.8,225
K828,2020/1/7 23:47,118.127268,24.53667,2020/1/7 23:59,118.094078,24.512181,7.8,4,111
N332,2020/1/7 23:40,118.119126,24.479648,2020/1/7 23:54,118.180545,24.523905,10.2,7.1,148
L298,2020/1/7 23:45,118.154058,24.53,2020/1/7 23:57,118.131806,24.520586,6.3,3,123
P553,2020/1/7 23:28,118.0879,24.469318,2020/1/7 23:54,118.083158,24.443258,8,0.9,798
K882,2020/1/7 23:50,118.126586,24.529911,2020/1/7 23:54,118.139265,24.530196,2.1,8,45
Q387,2020/1/7 23:48,118.117303,24.47899,2020/1/7 23:54,118.120423,24.48909,3.6,0,41
N086,2020/1/7 23:34,118.014468,24.53449,2020/1/7 23:55,118.103673,24.481378,14.7,0,244
R512,2020/1/7 23:47,118.034403,24.5016,2020/1/7 23:55,118.088776,24.489238,5.9,0,93
18769,2020/1/7 23:50,118.132515,24.520615,2020/1/7 23:54,118.144545,24.517148,2.4,0,65
13193,2020/1/7 23:46,118.108628,24.485136,2020/1/7 23:54,118.152506,24.483163,5.3,0.6,89
L696,2020/1/7 23:42,118.174066,24.506378,2020/1/7 23:58,118.12117,24.601608,14.2,1.1,148
G775,2020/1/7 23:46,118.170455,24.49316,2020/1/7 23:58,118.1175,24.479247,9.3,0.9,60
36099,2020/1/7 23:53,118.11238,24.468511,2020/1/7 23:58,118.120843,24.472013,1.6,5.3,100
N973,2020/1/7 23:45,118.078198,24.45367,2020/1/7 23:54,118.111751,24.440081,6,0.4,123
L229,2020/1/7 23:33,118.190971,24.490518,2020/1/7 23:55,118.090081,24.460798,12.9,3.2,355
Q608,2020/1/7 23:50,118.111068,24.496458,2020/1/7 23:54,118.136023,24.497395,3,3,43
20931,2020/1/7 23:38,118.181798,24.532848,2020/1/7 23:54,118.104745,24.509036,11.2,13.4,200
L915,2020/1/7 23:43,118.083291,24.43814,2020/1/7 23:54,118.136983,24.431228,6.9,0.2,169
H831,2020/1/7 23:46,118.105566,24.471491,2020/1/7 23:57,118.09831,24.49167,2.9,0.1,286
R818,2020/1/7 23:45,118.177415,24.473705,2020/1/7 23:54,118.161915,24.493201,3.6,6.6,240
N037,2020/1/7 23:46,118.116765,24.495026,2020/1/7 23:54,118.098796,24.527848,5,9.7,108
K289,2020/1/7 23:48,118.122741,24.474547,2020/1/7 23:55,118.12643,24.496692,3.7,0.9,0
11952,2020/1/7 23:49,118.132463,24.520608,2020/1/7 23:54,118.101776,24.5301,3.9,9.2,10
16710,2020/1/7 23:45,118.130566,24.510698,2020/1/7 23:54,118.086251,24.458491,9.8,7.6,28
17259,2020/1/7 23:48,118.120115,24.483671,2020/1/7 23:55,118.098355,24.477348,3.3,8.8,127
L309,2020/1/7 23:45,118.145148,24.54659,2020/1/7 23:56,118.18274,24.484651,9.9,32.2,30
K021,2020/1/7 23:51,118.171011,24.507826,2020/1/7 23:54,118.170238,24.51162,1,3.2,98
P898,2020/1/7 23:50,118.127938,24.530908,2020/1/7 23:54,118.13336,24.531011,1.2,11.8,131
L132,2020/1/7 23:46,118.13082,24.479303,2020/1/7 23:53,118.122891,24.495018,3.3,19.8,101
N366,2020/1/7 23:47,118.091478,24.488855,2020/1/7 23:54,118.041935,24.497358,6.2,9.5,81
G733,2020/1/7 23:40,117.998522,24.522925,2020/1/7 23:53,118.014585,24.56606,7.6,1.2,180
33287,2020/1/7 23:42,118.104688,24.523353,2020/1/7 23:54,118.134975,24.500341,6.2,3.6,170
G877,2020/1/7 23:50,118.151812,24.474232,2020/1/7 23:54,118.168637,24.47067,1.8,0.4,0
G996,2020/1/7 23:47,118.09004,24.442802,2020/1/7 23:55,118.090638,24.472775,4.2,5.7,60
38093,2020/1/7 23:48,118.172033,24.50576,2020/1/7 23:56,118.145703,24.498291,4.2,2.9,110
32306,2020/1/7 23:40,118.099181,24.469701,2020/1/7 23:54,118.117326,24.492391,6,2.4,247
N020,2020/1/7 23:29,118.080388,24.468365,2020/1/7 23:54,118.175093,24.484621,11.3,5.8,506
P613,2020/1/7 23:35,118.106815,24.506191,2020/1/7 23:54,117.99323,24.522915,15.3,3.8,186
L096,2020/1/7 23:42,118.11783,24.482035,2020/1/7 23:55,118.081288,24.461831,7.6,0.6,160
10830,2020/1/7 23:46,118.12071,24.488906,2020/1/7 23:54,118.123438,24.503058,4.6,0,133
K920,2020/1/7 23:54,118.093875,24.512995,2020/1/8,118.11649,24.511363,3.1,1.5,139
29650,2020/1/7 23:46,118.113594,24.509907,2020/1/7 23:55,118.13591,24.497922,3.8,1.7,120
H922,2020/1/7 23:48,118.0968,24.487195,2020/1/7 23:59,118.103378,24.524627,4.5,3.3,180
H792,2020/1/7 23:48,118.12295,24.474588,2020/1/7 23:55,118.141085,24.478816,3.1,0.6,73
P680,2020/1/7 23:45,118.152415,24.47935,2020/1/7 23:54,118.122528,24.496218,4.6,0.5,86
R330,2020/1/7 23:42,118.116545,24.482405,2020/1/7 23:54,118.173295,24.482683,7.7,0,92
P910,2020/1/7 23:43,118.119565,24.47979,2020/1/7 23:54,118.15805,24.511495,7.2,4.3,185
L022,2020/1/7 23:46,118.129766,24.508245,2020/1/7 23:57,118.177236,24.480006,9.1,0,83
16328,2020/1/7 23:45,118.081111,24.465656,2020/1/7 23:54,118.0794,24.477536,3.6,2,159
K831,2020/1/7 23:45,118.089331,24.485906,2020/1/7 23:53,118.07436,24.461818,4.1,6.3,149
K137,2020/1/7 23:41,118.076313,24.457146,2020/1/7 23:54,118.12147,24.475466,5.9,6.1,274
27609,2020/1/7 23:52,118.140518,24.506593,2020/1/7 23:54,118.13985,24.511746,1.4,0.5,7
35513,2020/1/7 23:45,118.09137,24.46695,2020/1/7 23:54,118.084545,24.457943,3.4,0,281
L268,2020/1/7 23:53,118.112181,24.539246,2020/1/7 23:56,118.113201,24.51784,2.8,7,12
K915,2020/1/7 23:51,118.17214,24.509616,2020/1/7 23:57,118.154421,24.488816,3.7,10.5,11
H553,2020/1/7 23:41,118.106083,24.471173,2020/1/7 23:55,118.109873,24.517648,6.3,4.9,180
G609,2020/1/7 23:51,118.138798,24.503947,2020/1/7 23:55,118.149137,24.514217,2,3.1,0
19759,2020/1/7 23:44,118.11027,24.47464,2020/1/7 23:54,118.162098,24.487836,6.4,5.4,60
Q988,2020/1/7 23:35,118.190116,24.486808,2020/1/7 23:54,118.13023,24.499893,8.6,2.4,287
17667,2020/1/7 23:45,118.15911,24.512225,2020/1/7 23:54,118.127271,24.493885,5.3,1.9,119
H815,2020/1/7 23:49,118.1465,24.517616,2020/1/8,118.141018,24.478351,4.7,0.6,245
K569,2020/1/7 23:46,118.094102,24.473365,2020/1/7 23:57,118.162002,24.479932,7.3,3.1,120
N058,2020/1/7 23:43,118.143866,24.547131,2020/1/7 23:54,118.103596,24.596645,9.7,6.3,81
L055,2020/1/7 23:44,118.085343,24.567923,2020/1/7 23:53,118.092905,24.515773,4.4,7.4,172
Q535,2020/1/7 23:47,118.169561,24.48925,2020/1/7 23:54,118.155108,24.506153,4.1,0.8,115
20665,2020/1/7 23:48,118.200675,24.716708,2020/1/7 23:54,118.162045,24.723785,4.2,1.8,82
12952,2020/1/7 23:46,118.12079,24.489485,2020/1/7 23:54,118.123396,24.470953,3,11.5,170
35036,2020/1/7 23:41,118.110843,24.472918,2020/1/7 23:54,118.133181,24.49507,5.5,0.1,251
R338,2020/1/7 23:46,118.149718,24.50219,2020/1/7 23:54,118.134503,24.528043,6.1,3.5,8
Q208,2020/1/7 23:40,118.120821,24.48946,2020/1/7 23:54,118.185136,24.497078,11,0,68
P318,2020/1/7 23:28,118.175283,24.510996,2020/1/7 23:54,118.091591,24.516661,14.9,12.7,429
H113,2020/1/7 23:45,118.099265,24.504638,2020/1/7 23:53,118.126361,24.509558,2.8,0.8,189
K855,2020/1/7 23:46,118.111488,24.517621,2020/1/7 23:54,118.099813,24.532308,2.9,0.5,154
N732,2020/1/7 23:48,118.11862,24.481441,2020/1/7 23:54,118.122051,24.492135,1.5,3,231
P532,2020/1/7 23:42,118.16506,24.475616,2020/1/7 23:54,118.102873,24.485081,6.9,7.1,185
18677,2020/1/7 23:47,118.090236,24.472418,2020/1/7 23:54,118.070628,24.464818,3.2,0.5,170
Q981,2020/1/7 23:45,118.108451,24.467958,2020/1/7 23:54,118.093818,24.468173,3,6,247
P693,2020/1/7 23:43,118.099456,24.489273,2020/1/7 23:54,118.127403,24.498466,5.1,5.3,233
N791,2020/1/7 23:53,118.100396,24.59052,2020/1/7 23:54,118.096915,24.588456,0.4,3.8,18
39865,2020/1/7 23:49,118.124396,24.509483,2020/1/7 23:54,118.13602,24.497523,2.3,5.2,109
L396,2020/1/7 23:50,118.112898,24.47966,2020/1/7 23:59,118.130073,24.494915,2.9,5.8,215
R220,2020/1/7 23:40,118.121535,24.474476,2020/1/7 23:54,118.102796,24.52833,7.6,0.6,215
36822,2020/1/7 23:49,118.076221,24.4569,2020/1/7 23:54,118.084838,24.470813,2.3,4.6,66
36267,2020/1/7 23:03,118.154078,24.531676,2020/1/7 23:49,118.146513,24.547136,2.6,0,2561
H173,2020/1/7 23:46,118.159676,24.531281,2020/1/7 23:54,118.138971,24.501928,6.1,3.2,85
K615,2020/1/7 23:36,118.144431,24.546433,2020/1/7 23:54,118.078391,24.456453,17,2.1,65
R755,2020/1/7 23:36,118.069968,24.455515,2020/1/7 23:54,118.026308,24.554691,17.1,13.5,88
2683,2020/1/7 23:51,118.16086,24.467031,2020/1/7 23:54,118.168228,24.472736,1.3,2.2,73
16101,2020/1/7 23:47,118.170648,24.47318,2020/1/7 23:54,118.119193,24.479575,5.4,7.1,72
K990,2020/1/7 23:54,118.157476,24.502136,2020/1/7 23:57,118.18342,24.507116,2.9,5.1,42
39756,2020/1/7 23:45,118.076546,24.455616,2020/1/7 23:54,118.090918,24.472466,3.5,0.1,159
N376,2020/1/7 23:43,118.110106,24.481578,2020/1/7 23:54,118.145155,24.496873,5.2,1.5,269
13858,2020/1/7 23:39,118.136055,24.497401,2020/1/7 23:54,118.145303,24.544736,9,0.7,191
P905,2020/1/7 23:51,118.133226,24.529555,2020/1/7 23:54,118.149366,24.525286,2.1,10.4,20
K335,2020/1/7 23:44,118.12223,24.50915,2020/1/7 23:54,118.167548,24.500156,5.5,0.8,145
K816,2020/1/7 23:44,118.101208,24.467341,2020/1/7 23:55,118.14958,24.482668,5.8,0.6,167
H392,2020/1/7 23:50,118.114291,24.480925,2020/1/7 23:54,118.104135,24.470956,2.3,1.4,80
H160,2020/1/7 23:43,118.122071,24.49921,2020/1/7 23:57,118.16221,24.476545,7.5,0.4,343
R115,2020/1/7 23:37,118.120615,24.481243,2020/1/7 23:54,118.089143,24.503178,6.5,2.2,465
30935,2020/1/7 23:35,118.190173,24.494808,2020/1/7 23:54,118.117453,24.441166,14.2,4.9,168
H379,2020/1/7 23:53,118.099273,24.469755,2020/1/8 0:07,118.120797,24.514775,7.1,10.7,240
G980,2020/1/7 23:50,118.078768,24.460317,2020/1/7 23:55,118.097567,24.471525,3,4.8,0
5312,2020/1/7 23:41,118.10301,24.472828,2020/1/7 23:54,118.161943,24.470323,7,0.5,199
37829,2020/1/7 23:46,118.130615,24.510536,2020/1/7 23:54,118.139803,24.480441,5.9,7.3,114
R263,2020/1/7 23:48,118.14729,24.541191,2020/1/7 23:54,118.156205,24.533393,2,3.9,162
P538,2020/1/7 23:37,118.078325,24.466386,2020/1/7 23:54,118.113263,24.509743,8,7.4,415
N887,2020/1/7 23:35,118.09473,24.572598,2020/1/7 23:54,118.016478,24.65362,14.1,3.6,274
R287,2020/1/7 23:48,118.132598,24.520593,2020/1/7 23:54,118.103478,24.527776,4.5,6,72
R376,2020/1/7 23:36,118.128061,24.53752,2020/1/7 23:54,118.081538,24.45912,15.2,3.8,151
N069,2020/1/7 23:45,118.077343,24.463128,2020/1/7 23:54,118.10408,24.472505,3.1,7.8,196
16255,2020/1/7 23:40,118.156813,24.483993,2020/1/7 23:54,118.134353,24.528618,6.5,1,268
Q136,2020/1/7 23:44,118.145463,24.548436,2020/1/7 23:53,118.129215,24.538333,3.5,1.7,226
15096,2020/1/7 23:38,118.115211,24.486615,2020/1/7 23:54,118.155803,24.516741,7.5,1.4,365
P307,2020/1/7 23:37,118.093158,24.462211,2020/1/7 23:53,118.112825,24.51752,8.6,5.3,321
N226,2020/1/7 23:47,118.125686,24.50679,2020/1/7 23:53,118.116248,24.508341,2.3,4.8,168
Q309,2020/1/7 22:58,118.189671,24.515991,2020/1/7 23:54,118.104988,24.523335,44.6,0.1,553
K330,2020/1/7 23:36,118.157968,24.447638,2020/1/7 23:54,118.11045,24.474903,11.2,8.4,219
16102,2020/1/7 23:46,118.104098,24.472798,2020/1/7 23:53,118.114088,24.4852,2.6,2.2,181
Q555,2020/1/7 23:44,118.118258,24.486826,2020/1/7 23:53,118.150075,24.487615,5.5,7.2,152
K875,2020/1/7 23:34,118.075453,24.462713,2020/1/7 23:46,118.116095,24.482361,5.5,1.9,292
L837,2020/1/7 23:48,118.074941,24.479443,2020/1/7 23:53,118.087156,24.466555,2.8,2.5,14
P830,2020/1/7 23:49,118.12785,24.499291,2020/1/7 23:54,118.099321,24.507088,4.1,2.6,22
N856,2020/1/7 23:41,118.127653,24.537125,2020/1/7 23:53,118.147531,24.494951,6.5,2,284
R683,2020/1/7 23:42,118.089035,24.469716,2020/1/7 23:53,118.128898,24.49671,5.6,0,220
12656,2020/1/7 23:47,118.074833,24.479586,2020/1/7 23:53,118.081638,24.46457,3.3,6.3,94
R088,2020/1/7 23:41,118.11296,24.479326,2020/1/7 23:53,118.166435,24.478355,7.1,1.8,203
33,2020/1/7 23:38,118.154593,24.488826,2020/1/7 23:53,118.070265,24.463641,10,7.1,270
37126,2020/1/7 23:49,118.078918,24.478693,2020/1/7 23:54,118.085686,24.468621,2,0.8,96
G727,2020/1/7 23:38,118.107568,24.494013,2020/1/7 23:53,118.182973,24.47413,13.6,9.2,120
K226,2020/1/7 23:37,0,0,2020/1/7 23:54,118.157928,24.544797,13.3,1.2,60
N792,2020/1/7 23:42,118.04531,24.563603,2020/1/7 23:54,118.04531,24.563603,5.4,5,276
M786,2020/1/7 23:40,118.171296,24.472835,2020/1/7 23:51,118.114281,24.485088,6.7,1.8,150
G592,2020/1/7 22:56,118.119793,24.50064,2020/1/7 23:52,118.12132,24.499822,33.8,2.4,1380
K705,2020/1/7 23:47,118.110908,24.472183,2020/1/7 23:54,118.093126,24.470475,3.7,2.8,153
P357,2020/1/7 23:48,118.144216,24.50676,2020/1/7 23:54,118.162945,24.5047,3.8,3.7,85
H180,2020/1/7 23:47,118.127943,24.500831,2020/1/7 23:52,118.13423,24.494956,1.2,5.6,140
5883,2020/1/7 23:49,118.115726,24.488181,2020/1/7 23:53,118.12985,24.499215,2.2,0,64
26012,2020/1/7 23:49,118.120843,24.502503,2020/1/7 23:54,118.114721,24.487095,2.5,4.7,90
1125,2020/1/7 23:43,118.076265,24.456911,2020/1/7 23:54,118.092468,24.491475,5.8,0.1,199
R860,2020/1/7 23:47,118.098241,24.52735,2020/1/7 23:54,118.108313,24.546565,4.6,11.9,63
G906,2020/1/7 23:43,118.204312,24.47427,2020/1/7 23:54,118.204312,24.47427,7.7,3.8,120
N526,2020/1/7 23:48,118.102916,24.472338,2020/1/7 23:54,118.076488,24.465833,2.7,12.5,80
H978,2020/1/7 23:48,118.141383,24.533842,2020/1/7 23:56,118.103362,24.590403,8.7,1,0
N219,2020/1/7 23:41,118.120675,24.481395,2020/1/7 23:54,118.079005,24.478273,5.9,1.4,267
K906,2020/1/7 23:44,118.096553,24.488735,2020/1/7 23:56,118.120735,24.481216,4.7,0,268
R196,2020/1/7 23:48,118.116878,24.483815,2020/1/7 23:53,118.13773,24.480366,3,5.5,133
H872,2020/1/7 23:50,118.141373,24.504233,2020/1/7 23:56,118.160286,24.486831,4.3,0.4,54
L399,2020/1/7 23:49,118.108028,24.483851,2020/1/7 23:57,118.093521,24.49207,3,4.8,175
3585,2020/1/7 23:46,118.153946,24.506378,2020/1/7 23:54,118.166378,24.524226,3.1,3,200
R553,2020/1/7 23:43,118.151183,24.489025,2020/1/7 23:54,118.119423,24.48686,3.8,0.1,325
K835,2020/1/7 23:54,118.1095,24.517553,2020/1/7 23:57,118.094725,24.518423,1.9,0.6,35
K521,2020/1/7 23:41,117.99874,24.523465,2020/1/7 23:54,118.025765,24.568503,7.7,2.6,279
16192,2020/1/7 23:47,118.132383,24.530463,2020/1/7 23:54,118.138626,24.506625,3.5,0,120
R750,2020/1/7 23:36,118.152758,24.479451,2020/1/7 23:53,118.116878,24.439183,9.8,1.8,271
G896,2020/1/7 23:48,118.109187,24.471602,2020/1/7 23:55,118.074468,24.464423,3.6,6.9,60
K877,2020/1/7 23:46,118.091118,24.487136,2020/1/7 23:51,118.114656,24.507563,4,0.5,32
37507,2020/1/7 23:36,118.08047,24.468446,2020/1/7 23:53,118.133835,24.496896,7.3,7.5,359
13592,2020/1/7 23:41,118.08042,24.478208,2020/1/7 23:53,118.125283,24.500248,7.6,1.6,146
35097,2020/1/7 23:49,118.11608,24.482303,2020/1/7 23:53,118.119735,24.471523,1.7,0.3,108
Q789,2020/1/7 23:48,118.101136,24.529391,2020/1/7 23:53,118.125626,24.50667,3.9,0.6,41
K318,2020/1/7 23:48,118.155085,24.506073,2020/1/7 23:56,118.117651,24.496865,5.7,0,17
Q795,2020/1/7 23:44,118.074341,24.46807,2020/1/7 23:53,118.074341,24.46807,5,1.1,192
17783,2020/1/7 23:46,118.121098,24.504405,2020/1/7 23:53,118.102385,24.531073,3.6,0,89
Q103,2020/1/7 23:40,118.153751,24.477341,2020/1/7 23:53,118.106465,24.5485,12.5,0,35
K917,2020/1/7 23:41,118.149545,24.49187,2020/1/7 23:54,118.117456,24.485821,6.9,27.9,236
G612,2020/1/7 23:44,118.137918,24.434377,2020/1/7 23:55,118.18314,24.507232,10.8,10,0
P999,2020/1/7 23:42,118.077088,24.46612,2020/1/7 23:52,118.096161,24.522741,7.3,0.3,118
L660,2020/1/7 23:39,118.088005,24.469391,2020/1/7 23:56,118.182286,24.532696,15,8.8,148
R270,2020/1/7 23:35,118.127856,24.501545,2020/1/7 23:53,118.182593,24.49006,6.9,0,454
25760,2020/1/7 23:27,118.105008,24.527403,2020/1/7 23:53,118.124081,24.491131,14.1,1,495
H322,2020/1/7 23:42,118.076983,24.491992,2020/1/7 23:55,118.12347,24.503953,5.8,0.2,300
N811,2020/1/7 23:43,118.11703,24.482283,2020/1/7 23:53,118.136041,24.497406,3.7,3.8,254
K077,2020/1/7 23:49,118.112365,24.480867,2020/1/7 23:54,118.125753,24.49535,2.8,7.8,60
R130,2020/1/7 23:39,118.141001,24.479005,2020/1/7 23:54,118.093316,24.491958,6.3,0,340
Q512,2020/1/7 23:38,118.157333,24.49419,2020/1/7 23:53,118.11928,24.485356,6.6,1.7,341
K200,2020/1/7 23:42,118.091428,24.57684,2020/1/7 23:50,118.102982,24.598053,3,18.4,120
H779,2020/1/7 23:48,118.136063,24.52668,2020/1/7 23:55,118.112455,24.50971,4.8,6.3,0
H366,2020/1/7 23:51,118.122355,24.49597,2020/1/7 23:54,118.123552,24.503393,2.1,3.2,0
R890,2020/1/7 23:42,118.132363,24.520591,2020/1/7 23:53,118.098645,24.485811,7.2,16.4,191
P501,2020/1/7 23:48,118.115083,24.495305,2020/1/7 23:54,118.129628,24.495466,1.9,0.4,138
H390,2020/1/7 23:43,118.173633,24.471785,2020/1/7 23:58,118.121713,24.499466,10.2,2.3,181
M009,2020/1/7 23:50,118.123351,24.491885,2020/1/7 23:56,118.12088,24.498728,1.5,1.3,202
R651,2020/1/7 23:45,118.083435,24.440333,2020/1/7 23:53,118.11937,24.427881,6.2,0,27
R911,2020/1/7 23:40,118.121508,24.489955,2020/1/7 23:53,118.175105,24.470905,7.4,2.4,134
H738,2020/1/7 23:49,118.108291,24.532235,2020/1/7 23:55,118.099471,24.539535,3.6,0.9,70
H536,2020/1/7 23:49,118.121475,24.502253,2020/1/7 23:53,118.122543,24.515213,2,5.8,60
E818,2020/1/7 23:37,118.121948,24.504883,2020/1/7 23:53,118.02598,24.48435,11.5,7.2,180
K058,2020/1/7 23:51,118.125072,24.488138,2020/1/7 23:58,118.101425,24.469803,3.5,8.8,120
R570,2020/1/7 23:44,118.075191,24.477316,2020/1/7 23:53,118.071621,24.462525,3.8,7.3,210
Q393,2020/1/7 23:43,118.150691,24.488896,2020/1/7 23:53,118.112095,24.473565,6.3,0,150
35618,2020/1/7 23:46,118.093705,24.513995,2020/1/7 23:55,118.070835,24.462673,6.7,6.1,122
C791,2020/1/7 23:50,118.08642,24.465173,2020/1/8,118.116687,24.439893,5.7,4.8,180
H967,2020/1/7 23:54,118.110978,24.517561,2020/1/7 23:57,118.102258,24.524422,1.6,0.4,0
R959,2020/1/7 23:47,118.144375,24.546878,2020/1/7 23:53,118.13406,24.528603,3,4.5,114
K910,2020/1/7 23:43,118.129483,24.495876,2020/1/7 23:51,118.15112,24.509956,4,0.6,121
L289,2020/1/7 23:41,118.07358,24.461481,2020/1/7 23:54,118.110405,24.47482,4.3,6.5,387
Q260,2020/1/7 23:49,118.161018,24.511955,2020/1/7 23:53,118.150128,24.522905,2.1,2.4,44
L887,2020/1/7 23:41,118.124873,24.492453,2020/1/7 23:55,118.105966,24.52581,6.4,3.9,277
P960,2020/1/7 23:35,118.17025,24.491061,2020/1/7 23:53,118.099918,24.48857,9,2.3,437
16372,2020/1/7 23:44,118.093218,24.491958,2020/1/7 23:53,118.09838,24.527375,5.7,1,114
H310,2020/1/7 23:44,118.10371,24.482581,2020/1/7 23:55,118.139575,24.50554,6.8,1.1,148
G772,2020/1/7 23:50,118.143908,24.479837,2020/1/7 23:55,118.173708,24.471618,3.3,2.4,0
N739,2020/1/7 23:36,118.155291,24.488506,2020/1/7 23:53,118.233785,24.578023,13.4,2.3,215
5270,2020/1/7 23:44,118.084078,24.44411,2020/1/7 23:53,118.098355,24.468415,3.9,2.3,265
11762,2020/1/7 23:49,118.08178,24.454678,2020/1/7 23:53,118.069265,24.45639,2.1,12.1,44
3065,2020/1/7 23:44,118.134695,24.491835,2020/1/7 23:54,118.114656,24.507626,3.7,1.3,269
J966,2020/1/7 23:45,118.173928,24.50619,2020/1/7 23:53,118.161237,24.48679,4.4,1.2,60
K813,2020/1/7 23:43,118.11277,24.489795,2020/1/7 23:51,118.074955,24.480611,3.9,6.7,168
N036,2020/1/7 23:41,118.122773,24.499586,2020/1/7 23:54,118.082698,24.446678,9.5,2.4,101
N699,2020/1/7 23:48,118.10194,24.524298,2020/1/7 23:53,118.11296,24.51747,1.9,1.5,117
P606,2020/1/7 23:42,118.118568,24.479586,2020/1/7 23:53,118.154208,24.51525,7.3,0.3,171
N210,2020/1/7 23:48,118.126616,24.494541,2020/1/7 23:53,118.115735,24.481485,2.2,0.9,104
26201,2020/1/7 23:49,118.104601,24.52676,2020/1/7 23:53,118.114663,24.512213,2,0.8,11
K577,2020/1/7 23:45,118.091613,24.488111,2020/1/7 23:54,118.109115,24.51087,3.7,0.6,209
E988,2020/1/7 23:37,118.115652,24.519883,2020/1/7 23:53,118.099718,24.595602,10.2,25.8,180
P169,2020/1/7 23:39,118.11128,24.48212,2020/1/7 23:53,118.127628,24.5068,4.7,0.9,456
H225,2020/1/7 23:45,118.10041,24.524221,2020/1/7 23:54,118.138861,24.53293,6.6,0.8,92
P587,2020/1/7 23:32,118.104825,24.473036,2020/1/7 23:53,118.14426,24.510043,8.2,3.5,513
18258,2020/1/7 23:28,118.045861,24.492705,2020/1/7 23:53,118.041221,24.566656,14.4,0.7,355
25537,2020/1/7 23:46,118.116582,24.482238,2020/1/7 23:54,118.109482,24.510579,4.2,0.1,120
H736,2020/1/7 23:39,118.074757,24.458957,2020/1/7 23:54,118.152087,24.448038,11.8,0.9,60
N337,2020/1/7 23:45,118.124246,24.49136,2020/1/7 23:53,118.142323,24.479991,4.4,2.4,112
R778,2020/1/7 23:46,118.106461,24.481278,2020/1/7 23:53,118.106461,24.481278,3.3,1.9,143
N525,2020/1/7 23:41,118.068985,24.457141,2020/1/7 23:53,118.1162,24.481326,6.2,12.1,197
K056,2020/1/7 23:42,0,0,2020/1/7 23:52,0,0,6.3,5.1,60
H268,2020/1/7 23:32,118.1473,24.521153,2020/1/7 23:54,118.081944,24.454053,13.5,1.6,420
L329,2020/1/7 23:46,118.100803,24.461813,2020/1/7 23:53,118.074483,24.461761,3,7,117
L278,2020/1/7 23:45,118.101825,24.473343,2020/1/7 23:53,118.084236,24.465676,2.8,3.5,157
H731,2020/1/7 23:22,118.212251,24.639691,2020/1/7 23:53,118.127206,24.494221,26.2,1.7,291
N923,2020/1/7 23:51,118.12306,24.494226,2020/1/7 23:53,118.127728,24.499851,1.2,4.4,16
H397,2020/1/7 23:40,118.055751,24.49742,2020/1/7 23:54,118.164755,24.505661,14.4,2.6,38
N318,2020/1/7 23:48,118.113331,24.470141,2020/1/7 23:53,118.11625,24.482361,1.8,4.8,106
R787,2020/1/7 23:42,118.165463,24.489898,2020/1/7 23:53,118.107093,24.47715,7,1.4,153
L080,2020/1/7 23:53,118.11644,24.48207,2020/1/7 23:59,118.13698,24.480326,3.1,0.7,151
N353,2020/1/7 23:39,118.026743,24.494398,2020/1/7 23:53,118.100323,24.524065,11.2,0.7,135
31103,2020/1/7 23:40,118.105261,24.47214,2020/1/7 23:53,118.109541,24.50804,5.8,3.2,261
Q525,2020/1/7 23:35,118.070515,24.47383,2020/1/7 23:53,118.159073,24.512293,13.2,7.1,234
103,2020/1/7 23:48,118.10164,24.53013,2020/1/7 23:53,118.10997,24.517533,2.2,0,63
L290,2020/1/7 23:44,118.123168,24.495076,2020/1/7 23:51,118.181081,24.515348,5.7,4.5,67
K189,2020/1/7 23:46,118.084498,24.481597,2020/1/7 23:51,118.098171,24.478323,3.2,0.5,60
