车牌号,运营状态,GPS速度,行驶方向,卫星定位时间,经度,纬度,海拔高度
VEHICLE_PLATE_NUMBER,GPS_SPEED,DRIVING_DIRECTION,GPS_DATE,LONGITUDE,LATITUDE,RUNNING_STATUS,HIT_ALTITUDE
R290,14.5,184,2020/1/7 23:59,118.135775,24.494043,2,
R916,0,358,2020/1/7 23:59,118.133406,24.529838,2,
R083,71.8,190,2020/1/7 23:59,118.115323,24.478558,2,
H219,45.5,303,2020/1/7 23:59,118.100412,24.526227,2,
L670,0,271,2020/1/7 23:59,118.107015,24.477186,2,
26788,77.3,64,2020/1/7 23:59,118.168047,24.507748,1,
H875,0.4,41,2020/1/7 23:59,118.151285,24.527555,1,
32097,18.5,191,2020/1/7 23:59,118.021876,24.573675,1,
39093,0,0,2020/1/7 23:59,118.052106,24.63361,1,
K660,10.5,91,2020/1/7 23:59,118.232278,24.570362,2,
K502,0,0,2020/1/7 23:59,118.166498,24.482498,1,
29179,0,274,2020/1/7 23:59,118.137423,24.480267,1,
31511,61.1,5,2020/1/7 23:59,118.123961,24.527981,1,
E818,0,101,2020/1/7 23:59,118.039437,24.491107,1,
H018,0,323,2020/1/7 23:59,118.147447,24.546235,1,
H655,5.7,158,2020/1/7 23:59,118.144437,24.546618,1,
H586,0.1,148,2020/1/7 23:59,118.152497,24.522585,1,
H732,70.3,180,2020/1/7 23:59,118.13243,24.508556,2,
R392,0,282,2020/1/7 23:59,118.149706,24.739366,1,
28781,0,302,2020/1/7 23:59,118.182145,24.473748,1,
N169,43.8,294,2020/1/7 23:59,118.067211,24.631273,2,
37575,16.6,230,2020/1/7 23:59,118.0869,24.469048,1,
Q179,24,358,2020/1/7 23:59,118.189365,24.479426,1,
12976,62.2,256,2020/1/7 23:59,118.089748,24.4667,2,
22009,54.9,268,2020/1/7 23:59,118.096013,24.514185,2,
N076,54.3,282,2020/1/7 23:59,118.058853,24.57278,2,
R182,27.4,268,2020/1/7 23:59,118.097688,24.47148,2,
P350,36.6,252,2020/1/7 23:59,118.092121,24.467058,2,
N185,62.2,328,2020/1/7 23:59,118.102575,24.483628,2,
13291,0,116,2020/1/7 23:59,118.115793,24.481858,1,
Q897,4.6,14,2020/1/7 23:59,118.14785,24.545318,1,
N732,33,92,2020/1/7 23:59,118.117768,24.485216,1,
R919,0,108,2020/1/7 23:59,118.181268,24.482871,2,
N879,9.7,284,2020/1/7 23:59,118.091378,24.483816,1,
30976,0,0,2020/1/7 23:59,118.144491,24.547031,1,
37965,43.2,70,2020/1/7 23:59,118.084213,24.468105,1,
K771,1.8,124,2020/1/7 23:59,118.136121,24.511613,1,
11028,49.6,240,2020/1/7 23:59,118.12575,24.49404,1,
K936,0,276,2020/1/7 23:59,118.12541,24.479136,2,
38003,50.5,80,2020/1/7 23:59,118.108095,24.506388,1,
K370,0,232,2020/1/7 23:59,118.129313,24.538855,1,
2937,25.9,340,2020/1/7 23:59,118.00924,24.529383,1,
P977,0,322,2020/1/7 23:59,118.14679,24.546933,1,
P109,13.3,348,2020/1/7 23:59,118.074473,24.459778,1,
R205,10.7,256,2020/1/7 23:59,118.118431,24.495518,1,
R887,75,28,2020/1/7 23:59,118.233886,24.578141,1,
L035,0,179,2020/1/7 23:59,118.12754,24.49718,2,
Q300,0,162,2020/1/7 23:59,118.105598,24.490903,1,
L535,29.6,195,2020/1/7 23:59,118.153171,24.488315,2,
L717,0,164,2020/1/7 23:59,118.088013,24.466221,2,
5725,10.9,244,2020/1/7 23:59,118.13591,24.497195,1,
17685,45.6,86,2020/1/7 23:59,118.083671,24.478018,2,
38727,70.1,196,2020/1/7 23:59,118.131721,24.492065,2,
L056,12.9,280,2020/1/7 23:59,118.113708,24.470361,2,
K573,18.5,346,2020/1/7 23:59,118.144183,24.523996,2,
K223,0,76,2020/1/7 23:59,118.156743,24.48394,1,
P790,0,0,2020/1/7 23:59,118.118678,24.481385,1,
21317,19.4,164,2020/1/7 23:59,118.086166,24.56802,2,
16710,37.2,356,2020/1/7 23:59,118.088615,24.468931,1,
Q515,33.8,88,2020/1/7 23:59,118.145685,24.540205,2,
Q908,23.2,184,2020/1/7 23:59,118.121623,24.601133,2,
R803,0,296,2020/1/7 23:59,118.18725,24.663038,1,
28507,12.1,180,2020/1/7 23:59,118.127848,24.499663,1,
22068,0,228,2020/1/7 23:59,118.070246,24.63314,1,
30267,0,0,2020/1/7 23:59,118.083886,24.501316,1,
20378,0,230,2020/1/7 23:59,118.12894,24.538618,1,
P121,15.8,306,2020/1/7 23:59,118.109683,24.472055,1,
18859,31.1,78,2020/1/7 23:59,118.025945,24.495965,1,
39167,0,0,2020/1/7 23:59,118.070858,24.473831,1,
39315,14.3,80,2020/1/7 23:59,118.120205,24.481958,1,
R732,12.5,170,2020/1/7 23:59,118.12831,24.538203,1,
M113,0,151,2020/1/7 23:59,118.13559,24.513466,1,
L827,75.9,180,2020/1/7 23:59,118.184861,24.506245,2,
13260,65.1,186,2020/1/7 23:59,118.112901,24.536711,1,
32306,0,0,2020/1/7 23:59,118.107355,24.484785,1,
Q261,14.8,145,2020/1/7 23:59,118.126296,24.502063,2,
P536,23.8,28,2020/1/7 23:59,118.119853,24.485645,1,
N629,0,0,2020/1/7 23:59,118.121693,24.50502,1,
R626,21.5,44,2020/1/7 23:59,118.150186,24.529035,2,
H127,11.1,163,2020/1/7 23:59,118.142786,24.479763,2,
21950,0,0,2020/1/7 23:59,118.134038,24.488158,2,
R560,22.2,10,2020/1/7 23:59,118.124946,24.475086,1,
K820,0,85,2020/1/7 23:59,118.077856,24.46635,1,
K890,1.8,87,2020/1/7 23:59,118.070793,24.638235,1,
L515,12.9,16,2020/1/7 23:59,118.156586,24.488445,1,
P137,0,240,2020/1/7 23:59,118.157661,24.48243,1,
5632,35.5,12,2020/1/7 23:59,118.192858,24.499626,1,
R026,0,108,2020/1/7 23:59,118.140425,24.492505,2,
N376,60.7,274,2020/1/7 23:59,118.125996,24.502613,1,
N926,0,78,2020/1/7 23:59,118.184461,24.474226,1,
R321,0,56,2020/1/7 23:59,118.146733,24.544263,1,
17538,73.9,8,2020/1/7 23:59,118.132548,24.499021,2,
N699,54.1,78,2020/1/7 23:59,118.131543,24.510238,2,
L670,0,271,2020/1/7 23:59,118.107015,24.477186,2,
36233,0,117,2020/1/7 23:59,118.073131,24.485498,1,
P533,0,356,2020/1/7 23:59,118.147563,24.479238,2,
Q382,0,236,2020/1/7 23:59,118.070238,24.638211,1,
P850,0,280,2020/1/7 23:59,118.169951,24.473486,1,
Q598,42.5,122,2020/1/7 23:59,118.11979,24.427531,2,
K775,24,171,2020/1/7 23:59,118.15893,24.534936,1,
16206,0,206,2020/1/7 23:59,118.119668,24.479865,1,
19200,0,186,2020/1/7 23:59,118.135235,24.513476,1,
L771,0,168,2020/1/7 23:59,118.13585,24.497911,1,
L289,37,72,2020/1/7 23:59,118.113213,24.478595,2,
P699,0,308,2020/1/7 23:59,118.158951,24.491108,1,
K851,9.2,55,2020/1/7 23:59,118.144205,24.52347,2,
L991,0,322,2020/1/7 23:59,118.132513,24.536928,1,
E883,28.4,102,2020/1/7 23:59,118.070157,24.633077,2,
P607,0,308,2020/1/7 23:59,118.104608,24.526986,2,
K623,0,229,2020/1/7 23:59,118.133608,24.53728,1,
P106,0,18,2020/1/7 23:59,118.117021,24.48477,2,
L227,0,124,2020/1/7 23:59,118.119023,24.43104,1,
M167,25.9,273,2020/1/7 23:59,118.151995,24.4889,1,
L079,11.1,319,2020/1/7 23:59,118.190943,24.525506,1,
H213,0,308,2020/1/7 23:59,118.100903,24.475533,2,
N852,24.4,256,2020/1/7 23:59,118.130056,24.520386,1,
K232,24,200,2020/1/7 23:59,118.096015,24.512695,1,
11706,0,286,2020/1/7 23:59,118.158551,24.477908,2,
30552,0,0,2020/1/7 23:59,118.104646,24.473196,1,
28781,0,302,2020/1/7 23:59,118.182145,24.473748,1,
K958,20.3,45,2020/1/7 23:59,118.107183,24.476918,1,
3048,0,341,2020/1/7 23:59,118.146125,24.524233,1,
18356,0,358,2020/1/7 23:59,118.107558,24.51383,1,
K925,88.8,305,2020/1/7 23:59,118.114963,24.58091,2,
1698,39.3,116,2020/1/7 23:59,118.170825,24.469551,1,
38220,0,0,2020/1/7 23:59,118.109951,24.472076,2,
22121,0,203,2020/1/7 23:59,118.098898,24.510415,1,
N095,35,132,2020/1/7 23:59,118.130533,24.487835,1,
30280,55.7,74,2020/1/7 23:59,118.097801,24.474483,2,
N678,35.1,268,2020/1/7 23:59,118.140825,24.506541,1,
K293,0,307,2020/1/7 23:59,118.085533,24.43909,1,
39992,0,214,2020/1/7 23:59,118.051463,24.496445,1,
K105,14.8,16,2020/1/7 23:59,118.071448,24.638365,1,
R199,0,212,2020/1/7 23:59,118.115566,24.47998,2,
N057,30.4,268,2020/1/7 23:59,118.097573,24.493018,2,
N910,24.3,166,2020/1/7 23:59,118.129,24.506401,2,
P570,13.2,354,2020/1/7 23:59,118.168483,24.47066,1,
Q890,11,234,2020/1/7 23:59,118.124425,24.49142,2,
22603,0,326,2020/1/7 23:59,118.112718,24.548295,2,
Q182,33.7,278,2020/1/7 23:59,118.168356,24.474091,2,
N638,0,0,2020/1/7 23:59,118.02339,24.473796,1,
17058,91.5,178,2020/1/7 23:59,118.089238,24.60715,2,
R297,0,228,2020/1/7 23:59,118.1765,24.518681,1,
K615,20.3,321,2020/1/7 23:59,118.069486,24.456055,1,
32675,18.4,90,2020/1/7 23:59,118.13208,24.495013,2,
Q570,23.6,108,2020/1/7 23:59,118.091808,24.487403,2,
L179,0,0,2020/1/7 23:59,118.030101,24.558901,1,
H755,0,198,2020/1/7 23:59,118.116115,24.482452,1,
K273,64.8,186,2020/1/7 23:59,118.149595,24.494931,2,
L183,92.6,225,2020/1/7 23:59,118.406456,24.723025,1,
30515,11.1,158,2020/1/7 23:59,118.134328,24.516771,2,
H091,31.4,315,2020/1/7 23:59,118.126243,24.525388,2,
L789,0,228,2020/1/7 23:59,118.070425,24.481895,1,
9946,0,107,2020/1/7 23:59,118.05109,24.564718,1,
R866,28.5,230,2020/1/7 23:59,118.143796,24.546896,1,
K716,51.8,192,2020/1/7 23:59,118.115205,24.47824,2,
M215,25.9,37,2020/1/7 23:59,118.121463,24.489618,1,
10659,42.8,252,2020/1/7 23:59,118.090683,24.466708,2,
K325,0,92,2020/1/7 23:59,118.102375,24.4692,1,
M183,0,101,2020/1/7 23:59,118.107135,24.514126,2,
K806,62.9,303,2020/1/7 23:59,118.094476,24.533478,2,
10658,0,226,2020/1/7 23:59,118.128538,24.538255,1,
G768,78.3,345,2020/1/7 23:59,118.113132,24.538027,1,
5562,79.7,150,2020/1/7 23:59,118.08741,24.613255,2,
G960,39.7,165,2020/1/7 23:59,118.101937,24.520877,2,
G986,0,186,2020/1/7 23:59,118.127115,24.494912,1,
H162,0,112,2020/1/7 23:59,118.112708,24.500308,1,
H197,0,342,2020/1/7 23:59,118.075045,24.451036,2,
L852,0,159,2020/1/7 23:59,118.08118,24.46624,1,
K967,0,85,2020/1/7 23:59,118.116255,24.481596,1,
G818,62.8,17,2020/1/7 23:59,118.11658,24.483467,2,
20035,29.6,246,2020/1/7 23:59,118.177455,24.474436,1,
G766,0,334,2020/1/7 23:59,118.132073,24.537538,1,
L606,38.8,271,2020/1/7 23:59,118.094578,24.507235,1,
G590,0,169,2020/1/7 23:59,118.115135,24.478428,1,
L069,51.8,94,2020/1/7 23:59,118.127431,24.478755,2,
R136,59.9,196,2020/1/7 23:59,118.18387,24.500426,1,
33315,0,182,2020/1/7 23:59,117.936586,25.016203,1,
K071,0,0,2020/1/7 23:59,118.15599,24.47845,1,
H627,35.1,179,2020/1/7 23:59,118.095366,24.58051,1,
K661,22.2,128,2020/1/7 23:59,118.149408,24.501523,1,
35797,0,174,2020/1/7 23:59,118.050076,24.496781,1,
L378,0,205,2020/1/7 23:59,118.175525,24.471285,1,
L231,0,59,2020/1/7 23:59,118.161518,24.490163,1,
Q597,29.6,8,2020/1/7 23:59,118.090373,24.444475,1,
N838,0,150,2020/1/7 23:59,118.068378,24.457885,1,
K673,16.6,18,2020/1/7 23:59,118.154225,24.501218,1,
K728,64.8,137,2020/1/7 23:59,118.119391,24.507306,2,
L395,0,114,2020/1/7 23:59,118.125941,24.496773,1,
H353,64.8,47,2020/1/7 23:59,118.149791,24.542565,1,
M263,0,32,2020/1/7 23:59,118.110786,24.472088,1,
L386,0,242,2020/1/7 23:59,118.071016,24.638413,1,
L735,0,152,2020/1/7 23:59,118.106623,24.477168,2,
R189,10.5,114,2020/1/7 23:59,118.134845,24.51577,2,
N268,0,266,2020/1/7 23:59,118.13663,24.48074,1,
21007,37,333,2020/1/7 23:59,118.108715,24.583491,1,
H615,0,288,2020/1/7 23:59,118.116896,24.482378,2,
K990,75.9,336,2020/1/7 23:59,118.184166,24.509616,2,
H672,31.4,234,2020/1/7 23:59,118.102671,24.505218,2,
Q111,0,198,2020/1/7 23:59,118.135596,24.480006,1,
7911,0,326,2020/1/7 23:59,117.750296,24.758306,17,
G923,0,149,2020/1/7 23:59,118.11097,24.497516,2,
K975,44.4,277,2020/1/7 23:59,118.159425,24.488425,2,
33260,7.4,266,2020/1/7 23:59,118.081046,24.478333,1,
L202,25.9,136,2020/1/7 23:59,118.096185,24.473403,2,
H253,37,174,2020/1/7 23:59,118.132908,24.48943,1,
R277,0,232,2020/1/7 23:59,118.039618,24.61876,1,
K869,0,0,2020/1/7 23:59,118.071023,24.638295,2,
R755,49.8,92,2020/1/7 23:59,118.033401,24.567558,1,
L569,14.8,119,2020/1/7 23:59,118.148873,24.478788,1,
H892,43,195,2020/1/7 23:59,118.107018,24.545048,1,
H689,46,83,2020/1/7 23:59,118.148216,24.501472,1,
H668,0.1,87,2020/1/7 23:59,118.10862,24.485118,1,
G803,72.1,300,2020/1/7 23:59,118.082573,24.494275,2,
26866,0.2,210,2020/1/7 23:59,118.013818,24.58951,1,
H676,0,153,2020/1/7 23:59,117.955491,24.534868,1,
Q502,68.1,212,2020/1/7 23:59,118.126503,24.48521,2,
K663,57.4,151,2020/1/7 23:59,118.22907,24.687615,1,
36231,29.6,92,2020/1/7 23:59,118.090108,24.491635,1,
H387,71.3,75,2020/1/7 23:59,118.080072,24.463872,2,
G897,34.6,13,2020/1/7 23:59,118.125847,24.483623,2,
K152,29.6,259,2020/1/7 23:59,118.1364,24.5138,2,
G735,0,351,2020/1/7 23:59,118.17787,24.474095,1,
K992,0,0,2020/1/7 23:59,118.113586,24.517558,1,
HE28,0,238,2020/1/7 23:59,118.146466,24.641978,1,
G770,0,301,2020/1/7 23:59,118.130808,24.539242,2,
K576,11.1,303,2020/1/7 23:59,118.126353,24.4916,1,
H786,28.4,204,2020/1/7 23:59,118.08075,24.46692,1,
G597,0,203,2020/1/7 23:59,118.127947,24.502735,2,
G972,0,220,2020/1/7 23:59,118.134035,24.511045,1,
H021,0,309,2020/1/7 23:59,118.157728,24.482972,1,
K308,25.2,333,2020/1/7 23:59,117.989727,24.523357,2,
G882,54.2,193,2020/1/7 23:59,118.07986,24.497777,1,
G700,0,279,2020/1/7 23:59,118.03683,24.567547,1,
J019,67.3,66,2020/1/7 23:59,118.244495,24.590863,2,
K163,0,0,2020/1/7 23:59,118.111258,24.509883,1,
K159,0.5,230,2020/1/7 23:59,118.119422,24.479552,1,
L970,1.8,217,2020/1/7 23:59,118.124836,24.529911,2,
L260,0,305,2020/1/7 23:59,118.16375,24.487521,1,
H155,35.1,235,2020/1/7 23:59,118.051288,24.609838,2,
H023,0,244,2020/1/7 23:59,118.128222,24.53759,1,
L865,29.6,169,2020/1/7 23:59,118.091565,24.48831,1,
G588,3,291,2020/1/7 23:59,118.043613,24.563038,1,
E779,50.7,43,2020/1/7 23:59,118.113535,24.4699,2,
H002,0,139,2020/1/7 23:59,118.128708,24.53829,1,
G733,56.5,80,2020/1/7 23:59,118.04358,24.554637,1,
K179,0.2,315,2020/1/7 23:59,118.174358,24.477603,1,
H023,0,244,2020/1/7 23:59,118.128222,24.53759,1,
K120,0,0,2020/1/7 23:59,118.082296,24.453761,1,
G919,66.7,140,2020/1/7 23:59,118.14933,24.544317,1,
G936,35.7,231,2020/1/7 23:59,118.163283,24.505433,2,
G569,14,48,2020/1/7 23:59,118.122972,24.492567,2,
L951,1.8,50,2020/1/7 23:59,118.125415,24.493735,2,
H300,53.7,253,2020/1/7 23:59,118.084889,24.468365,1,
H996,17.6,184,2020/1/7 23:59,118.117287,24.485415,1,
15019,0,0,2020/1/7 23:59,118.152098,24.547513,1,
H607,48.4,74,2020/1/7 23:59,118.116653,24.47928,1,
22705,0,326,2020/1/7 23:59,118.146915,24.546617,1,
K333,0.1,92,2020/1/7 23:59,118.13073,24.48572,1,
H766,79.6,190,2020/1/7 23:59,118.086312,24.582548,2,
H583,43.6,278,2020/1/7 23:59,118.139403,24.48036,2,
H121,0.7,30,2020/1/7 23:59,118.124248,24.525017,1,
18852,0,11,2020/1/7 23:59,118.011091,24.492253,1,
17275,0,0,2020/1/7 23:59,118.149826,24.505713,1,
H729,0,34,2020/1/7 23:59,118.076893,24.498588,1,
33953,0,254,2020/1/7 23:59,118.005438,24.535651,1,
H326,0,197,2020/1/7 23:59,118.156862,24.484188,2,
K639,43.3,101,2020/1/7 23:59,118.070185,24.462725,1,
36700,14.8,234,2020/1/7 23:59,118.129158,24.482085,1,
H657,53.5,85,2020/1/7 23:59,118.122282,24.48481,2,
H727,28,268,2020/1/7 23:59,118.136294,24.518002,2,
L166,0,193,2020/1/7 23:59,118.12912,24.506993,2,
30686,0,38,2020/1/7 23:59,118.170031,24.46997,1,
36769,0,328,2020/1/7 23:59,118.033085,24.530458,1,
K821,42.5,244,2020/1/7 23:59,118.108,24.50928,2,
P938,0,60,2020/1/7 23:59,118.053125,24.605321,1,
25157,0,0,2020/1/7 23:59,118.14711,24.546441,1,
E918,0,81,2020/1/7 23:59,118.136677,24.536495,1,
H922,0.2,57,2020/1/7 23:59,118.105538,24.519147,2,
H922,0.2,57,2020/1/7 23:59,118.105538,24.519147,2,
39680,0,196,2020/1/7 23:59,117.998628,24.530281,1,
18151,0,124,2020/1/7 23:59,118.006225,24.53601,1,
13137,0,8,2020/1/7 23:59,118.05813,24.629885,1,
H722,0,274,2020/1/7 23:59,118.095157,24.518442,1,
18468,0,285,2020/1/7 23:59,118.145095,24.518005,1,
K077,57.3,82,2020/1/7 23:59,118.134823,24.51074,2,
K987,0,234,2020/1/7 23:59,118.11505,24.479643,1,
H112,59.2,52,2020/1/7 23:59,118.125615,24.529363,1,
M058,74,64,2020/1/7 23:59,118.113296,24.497781,2,
L708,70.3,120,2020/1/7 23:59,118.16063,24.536328,2,
L658,29.6,197,2020/1/7 23:59,118.03783,24.572385,1,
J001,0.7,144,2020/1/7 23:59,118.027587,24.528497,1,
G586,6.9,188,2020/1/7 23:59,118.167253,24.474023,1,
H157,20.3,264,2020/1/7 23:59,118.110723,24.48568,1,
L209,5.5,309,2020/1/7 23:59,118.072375,24.453416,1,
Q728,74.2,122,2020/1/7 23:59,118.091365,24.59486,2,
L226,11.1,318,2020/1/7 23:59,118.075696,24.458135,1,
P160,39.4,178,2020/1/7 23:59,118.037626,24.57999,2,
K332,0,318,2020/1/7 23:59,118.055318,24.564256,2,
35036,61.5,252,2020/1/7 23:59,118.115763,24.490305,1,
L055,14.8,281,2020/1/7 23:59,118.086878,24.518655,2,
L130,0,329,2020/1/7 23:59,118.113893,24.485398,1,
L860,0,100,2020/1/7 23:59,118.159566,24.485073,1,
K286,38.8,163,2020/1/7 23:59,118.150865,24.526383,2,
10265,0,202,2020/1/7 23:59,118.114856,24.430936,1,
K097,0,119,2020/1/7 23:59,118.147958,24.49754,1,
L907,27.7,89,2020/1/7 23:59,118.13654,24.513803,1,
L273,0,220,2020/1/7 23:59,118.128803,24.538333,1,
K521,0,268,2020/1/7 23:59,118.021931,24.571201,1,
K850,0,157,2020/1/7 23:59,118.14149,24.521956,1,
P305,56.6,84,2020/1/7 23:59,118.120533,24.479316,2,
L560,0,245,2020/1/7 23:59,118.129683,24.538805,1,
H180,0,235,2020/1/7 23:59,118.120915,24.48944,1,
29007,24.7,208,2020/1/7 23:59,118.16742,24.512831,1,
R379,0,6,2020/1/7 23:59,118.116351,24.482128,1,
N988,16.6,46,2020/1/7 23:59,118.12453,24.485466,2,
R885,0,246,2020/1/7 23:59,118.104765,24.523353,1,
Q076,91.8,14,2020/1/7 23:59,118.088428,24.51125,2,
31776,0,0,2020/1/7 23:59,118.146185,24.54762,1,
16512,53.2,244,2020/1/7 23:59,118.126241,24.49424,2,
1679,19.6,78,2020/1/7 23:59,118.155991,24.482835,2,
12561,0,143,2020/1/7 23:59,118.28465,24.678385,1,
17657,33.3,225,2020/1/7 23:59,118.051063,24.49322,1,
K758,0,115,2020/1/7 23:59,118.13662,24.51256,1,
7058,0,0,2020/1/7 23:59,118.070645,24.638275,1,
10707,0,44,2020/1/7 23:59,118.129388,24.50741,1,
R726,0,312,2020/1/7 23:59,118.102025,24.466053,1,
32635,65.2,16,2020/1/7 23:59,118.141845,24.495101,2,
R228,13.2,352,2020/1/7 23:59,118.08882,24.467613,2,
P806,27.3,132,2020/1/7 23:59,118.145275,24.540325,2,
K978,57.4,285,2020/1/7 23:59,118.154441,24.478853,2,
H631,74,207,2020/1/7 23:59,118.179805,24.5166,1,
7677,24.8,44,2020/1/7 23:59,118.158375,24.519025,1,
38967,0,204,2020/1/7 23:59,118.181405,24.52516,1,
H870,11.1,70,2020/1/7 23:59,118.12414,24.478751,1,
R119,0,288,2020/1/7 23:59,118.165068,24.486025,1,
P938,0,60,2020/1/7 23:59,118.053125,24.605321,1,
M056,0,6,2020/1/7 23:59,118.147465,24.4792,2,
H726,0,295,2020/1/7 23:59,118.084845,24.500675,1,
11950,0,264,2020/1/7 23:59,118.095631,24.514195,1,
36099,29.6,15,2020/1/7 23:59,118.115211,24.476546,2,
L057,72.2,136,2020/1/7 23:59,118.072108,24.628458,2,
12952,35.5,196,2020/1/7 23:59,118.114251,24.471566,1,
N203,43.5,244,2020/1/7 23:59,118.069128,24.636701,1,
R228,13.2,352,2020/1/7 23:59,118.08882,24.467613,2,
6372,45.7,286,2020/1/7 23:59,118.101038,24.433958,1,
7553,76.8,350,2020/1/7 23:59,118.12301,24.49454,2,
P872,0,0,2020/1/7 23:59,118.108596,24.509601,1,
37802,0,0,2020/1/7 23:59,118.147171,24.479408,2,
11862,24.7,306,2020/1/7 23:59,118.016278,24.587745,1,
K620,33.3,206,2020/1/7 23:59,118.143641,24.501303,1,
K833,31.4,71,2020/1/7 23:59,118.105088,24.464745,2,
K928,20.3,180,2020/1/7 23:59,118.115136,24.479341,2,
K628,59.2,11,2020/1/7 23:59,118.183739,24.492655,2,
30317,0,76,2020/1/7 23:59,118.136162,24.501504,2,
L963,14.8,121,2020/1/7 23:59,118.083676,24.618871,2,
H978,0.2,230,2020/1/7 23:59,118.102758,24.58232,1,
G685,30.8,260,2020/1/7 23:59,118.07994,24.477197,2,
H809,21.4,186,2020/1/7 23:59,118.068172,24.462968,1,
H222,2.7,330,2020/1/7 23:59,118.107825,24.48446,1,
38635,0,1,2020/1/7 23:59,118.102893,24.59525,1,
1358,0,315,2020/1/7 23:59,118.145067,24.528282,1,
K566,0,0,2020/1/7 23:59,118.128596,24.66408,1,
K790,1.8,324,2020/1/7 23:59,118.129583,24.538716,1,
L013,0,335,2020/1/7 23:59,118.147538,24.546056,1,
7L15,66.1,228,2020/1/7 23:59,118.13284,24.53514,1,
K376,0,0,2020/1/7 23:59,118.140583,24.479123,1,
F721,0,24,2020/1/7 23:59,118.139368,24.499385,1,
CG72,0,104,2020/1/7 23:59,118.091516,24.611531,1,
L002,0,0,2020/1/7 23:59,118.16997,24.473583,2,
G717,10.9,296,2020/1/7 23:59,118.093488,24.512118,1,
H010,7,131,2020/1/7 23:59,118.093208,24.47361,1,
G987,75.1,300,2020/1/7 23:59,118.176535,24.539843,2,
L201,46.3,79,2020/1/7 23:59,118.111655,24.489123,2,
K650,61.1,355,2020/1/7 23:59,118.07357,24.47384,2,
K682,68.5,210,2020/1/7 23:59,118.110538,24.607681,1,
771K,0,216,2020/1/7 23:59,118.084889,24.595702,1,
M059,0,0,2020/1/7 23:59,118.141256,24.556711,1,
G911,0,34,2020/1/7 23:59,118.12749,24.499258,1,
G606,16,359,2020/1/7 23:59,118.104657,24.480077,2,
22369,7.7,330,2020/1/7 23:59,118.096861,24.606896,1,
H823,2.4,137,2020/1/7 23:59,118.109389,24.470702,2,
G838,67.4,82,2020/1/7 23:59,118.01157,24.490943,1,
H066,0,275,2020/1/7 23:59,118.179347,24.478958,1,
G881,0,159,2020/1/7 23:59,118.081617,24.464593,1,
30908,0,0,2020/1/7 23:59,118.052815,24.633973,1,
G871,18.5,119,2020/1/7 23:59,118.074998,24.609122,2,
G680,4.6,184,2020/1/7 23:59,118.156427,24.488337,1,
L897,31.4,254,2020/1/7 23:59,118.094098,24.49211,1,
31357,58.3,210,2020/1/7 23:59,118.126633,24.485376,2,
K100,31.2,19,2020/1/7 23:59,118.142633,24.521783,2,
7P31,0,0,2020/1/7 23:59,118.052391,24.633646,1,
L352,0,141,2020/1/7 23:59,118.133225,24.529561,1,
K681,48.1,277,2020/1/7 23:59,118.170943,24.496283,1,
L256,16.6,312,2020/1/7 23:59,118.08493,24.444385,1,
L298,0,0,2020/1/7 23:59,118.131806,24.520586,1,
G980,0,213,2020/1/7 23:59,118.098975,24.46902,2,
H626,0,0,2020/1/7 23:59,118.159421,24.465524,1,
012X,0,105,2020/1/7 23:59,118.183924,24.506391,1,
K836,48.1,248,2020/1/7 23:59,118.10252,24.472658,2,
33570,0,224,2020/1/7 23:59,118.117215,24.530703,1,
3796,7.6,200,2020/1/7 23:59,118.174071,24.472496,1,
H628,0.3,199,2020/1/7 23:59,118.138527,24.511732,1,
H376,33.3,262,2020/1/7 23:59,118.078073,24.477156,2,
31183,0,244,2020/1/7 23:59,118.132795,24.5193,1,
G935,44.4,245,2020/1/7 23:59,118.07876,24.495775,2,
G660,38.5,61,2020/1/7 23:59,118.067368,24.632373,2,
G935,44.4,245,2020/1/7 23:59,118.07876,24.495775,2,
31120,20.3,169,2020/1/7 23:59,118.086811,24.474891,1,
R783,68.5,269,2020/1/7 23:59,118.092428,24.49181,2,
L276,24,257,2020/1/7 23:59,118.090968,24.483641,2,
H230,68.5,338,2020/1/7 23:59,118.147975,24.533931,2,
N762,47.5,274,2020/1/7 23:59,118.081863,24.568651,2,
H311,0,96,2020/1/7 23:59,118.14717,24.479438,1,
Q208,34.5,246,2020/1/7 23:59,118.17335,24.505931,1,
16187,0,300,2020/1/7 23:59,118.149023,24.48971,2,
K651,20.3,52,2020/1/7 23:59,118.117458,24.485476,2,
R955,18.6,322,2020/1/7 23:59,118.122906,24.495263,1,
K695,18.5,319,2020/1/7 23:59,118.16763,24.471035,1,
Q036,21.1,154,2020/1/7 23:59,118.113966,24.48796,2,
K766,0,230,2020/1/7 23:59,118.129151,24.538633,1,
P570,10.1,38,2020/1/7 23:59,118.16848,24.470631,1,
K211,46.3,262,2020/1/7 23:59,118.136085,24.511128,2,
L759,0,269,2020/1/7 23:59,118.074976,24.462796,2,
Q507,0,86,2020/1/7 23:59,118.147026,24.479455,1,
R305,0,294,2020/1/7 23:59,118.127485,24.537471,1,
Q736,12.6,188,2020/1/7 23:59,118.126171,24.491318,2,
R776,73,88,2020/1/7 23:59,118.151011,24.501613,2,
P580,57.1,74,2020/1/7 23:59,118.077423,24.463373,2,
R802,0,136,2020/1/7 23:59,118.17037,24.477676,2,
20665,40.7,138,2020/1/7 23:59,118.193743,24.71637,1,
29007,24.7,208,2020/1/7 23:59,118.16742,24.512831,1,
25822,49.8,328,2020/1/7 23:59,118.080301,24.448848,1,
Q393,0,56,2020/1/7 23:59,118.107993,24.474231,1,
N577,0,330,2020/1/7 23:59,118.158816,24.491103,17,
13592,10.6,350,2020/1/7 23:59,118.135551,24.498841,1,
9528,0,282,2020/1/7 23:59,118.135355,24.513775,1,
Q306,24.6,28,2020/1/7 23:59,118.11517,24.47617,1,
P570,10.1,38,2020/1/7 23:59,118.16848,24.470631,1,
Q889,0,222,2020/1/7 23:59,118.12061,24.481228,1,
H562,3.7,229,2020/1/7 23:59,118.128155,24.536891,1,
N585,28.4,306,2020/1/7 23:59,118.102613,24.598448,2,
R220,26.8,70,2020/1/7 23:59,118.109338,24.523098,2,
N070,0,276,2020/1/7 23:59,118.141015,24.492525,1,
Q699,20.2,134,2020/1/7 23:59,118.092326,24.472775,1,
38682,47.8,92,2020/1/7 23:59,118.141611,24.501151,2,
37731,18.7,214,2020/1/7 23:59,118.120091,24.480466,1,
29007,24.7,208,2020/1/7 23:59,118.16742,24.512831,1,
N280,0,126,2020/1/7 23:59,118.14823,24.490035,2,
K815,46.3,351,2020/1/7 23:59,118.12356,24.503175,1,
13193,21.8,72,2020/1/7 23:59,118.157265,24.477978,2,
Q353,0,348,2020/1/7 23:59,118.141311,24.47972,1,
P966,27.4,236,2020/1/7 23:59,118.068806,24.634305,2,
P159,40.7,240,2020/1/7 23:59,118.166395,24.507333,2,
K026,0,229,2020/1/7 23:59,118.129161,24.538768,1,
L258,48.1,160,2020/1/7 23:59,118.08667,24.470198,2,
L396,1.8,222,2020/1/7 23:59,118.11969,24.479828,1,
P835,32.9,322,2020/1/7 23:59,118.189255,24.47959,1,
Q636,14.4,208,2020/1/7 23:59,118.124875,24.529648,1,
16687,25.8,66,2020/1/7 23:59,118.12958,24.494943,2,
R508,28.1,284,2020/1/7 23:59,118.148001,24.517871,2,
L189,33.3,54,2020/1/7 23:59,118.034873,24.501755,2,
P689,38.7,196,2020/1/7 23:59,118.11708,24.48502,1,
29523,74.9,270,2020/1/7 23:59,118.071915,24.496971,2,
35156,38.7,52,2020/1/7 23:59,118.088763,24.491453,2,
2773,0,86,2020/1/7 23:59,118.122761,24.492178,1,
K225,27.7,273,2020/1/7 23:59,118.237615,24.578406,1,
R306,17,102,2020/1/7 23:59,118.113465,24.482368,1,
L253,0,109,2020/1/7 23:59,118.14043,24.499276,1,
N206,0,352,2020/1/7 23:59,118.181826,24.474918,1,
P883,12.3,72,2020/1/7 23:59,118.112638,24.480681,1,
16126,0,26,2020/1/7 23:59,118.155436,24.479885,1,
P886,0,312,2020/1/7 23:59,118.167941,24.469621,1,
39875,0,0,2020/1/7 23:59,118.133181,24.52962,1,
37216,0,0,2020/1/7 23:59,118.119946,24.427573,1,
L056,12.9,320,2020/1/7 23:59,118.113745,24.47035,2,
L001,0,245,2020/1/7 23:59,118.150033,24.525556,1,
L113,61.1,41,2020/1/7 23:59,118.133673,24.426673,1,
K227,44.4,339,2020/1/7 23:59,118.086189,24.481717,1,
H136,11.7,232,2020/1/7 23:59,118.12526,24.495795,1,
1672,0,275,2020/1/7 23:59,118.12877,24.68263,1,
K058,41.7,255,2020/1/7 23:59,118.105282,24.473557,2,
E888,50.9,238,2020/1/7 23:59,118.160189,24.491897,2,
K096,69.7,23,2020/1/7 23:59,118.092908,24.581854,2,
E868,30.2,344,2020/1/7 23:59,118.15776,24.532783,1,
H636,52.5,73,2020/1/7 23:59,118.0975,24.485343,2,
G291,20.2,274,2020/1/7 23:59,118.137433,24.49328,1,
H807,0.7,329,2020/1/7 23:59,118.147397,24.54618,1,
K569,0.4,200,2020/1/7 23:59,118.155466,24.477183,1,
H539,0.1,307,2020/1/7 23:59,118.048878,24.568523,1,
H967,0,186,2020/1/7 23:59,118.103532,24.514625,2,
H169,20.2,118,2020/1/7 23:59,118.18633,24.500313,1,
J968,44,222,2020/1/7 23:59,118.113194,24.474397,1,
H519,52.7,274,2020/1/7 23:59,118.14901,24.479547,2,
H658,0.9,347,2020/1/7 23:59,118.188487,24.530047,1,
E828,0,32,2020/1/7 23:59,118.014063,24.481538,1,
K278,0.3,241,2020/1/7 23:59,118.133468,24.537135,1,
K110,55.4,354,2020/1/7 23:59,118.073141,24.479751,2,
G758,25.3,51,2020/1/7 23:59,118.092543,24.569582,1,
G862,33.9,136,2020/1/7 23:59,118.077882,24.4545,1,
H556,0,305,2020/1/7 23:59,118.063258,24.606988,1,
H838,0,138,2020/1/7 23:59,118.126078,24.470373,1,
37977,0,116,2020/1/7 23:59,118.165686,24.475443,1,
35868,0,87,2020/1/7 23:59,118.071788,24.481215,1,
E918,0,81,2020/1/7 23:59,118.136677,24.536495,1,
37010,0,0,2020/1/7 23:59,118.153383,24.483951,9,
13926,76.9,144,2020/1/7 23:59,118.149106,24.4542,2,
36583,6.9,252,2020/1/7 23:59,118.098166,24.493143,2,
R275,0,0,2020/1/7 23:59,118.170793,24.477816,1,
N357,32.7,38,2020/1/7 23:59,118.17089,24.508613,1,
28363,0,0,2020/1/7 23:59,118.05549,24.564155,1,
Q965,0,206,2020/1/7 23:59,117.881976,24.526558,1,
K612,0,0,2020/1/7 23:59,118.106498,24.476848,2,
N758,24.5,28,2020/1/7 23:59,118.121415,24.501341,1,
N802,0,0,2020/1/7 23:59,118.070056,24.63868,1,
12903,20.7,334,2020/1/7 23:59,118.1208,24.481811,1,
P108,31.2,90,2020/1/7 23:59,118.096003,24.504845,2,
K780,59.2,93,2020/1/7 23:59,118.153406,24.488685,2,
P605,0,92,2020/1/7 23:59,118.176378,24.477118,9,
10796,0,162,2020/1/7 23:59,118.096086,24.4909,1,
N339,0,308,2020/1/7 23:59,118.135538,24.513775,1,
N988,16.6,46,2020/1/7 23:59,118.12453,24.485466,2,
L318,16.6,6,2020/1/7 23:59,118.119795,24.483271,2,
L511,0,230,2020/1/7 23:59,118.25837,24.591058,2,
N362,42.2,114,2020/1/7 23:59,118.126335,24.499885,2,
K221,0,167,2020/1/7 23:59,118.136191,24.511541,1,
32562,63.2,316,2020/1/7 23:59,118.11699,24.509691,2,
L732,0,297,2020/1/7 23:59,118.130545,24.530126,2,
L081,0,210,2020/1/7 23:59,118.17462,24.46954,1,
R298,0,18,2020/1/7 23:59,118.105655,24.585685,1,
K059,16,68,2020/1/7 23:59,118.108987,24.471104,1,
G876,62.9,208,2020/1/7 23:59,118.217498,24.559615,2,
H616,28.7,123,2020/1/7 23:59,118.138278,24.502132,1,
K702,0,144,2020/1/7 23:59,118.009135,24.529438,1,
E858,0,119,2020/1/7 23:59,118.098232,24.46857,1,
3065,33.6,178,2020/1/7 23:59,118.122931,24.492786,1,
Q683,0,0,2020/1/7 23:59,118.112978,24.497453,2,
L688,0,83,2020/1/7 23:59,118.190298,24.490163,1,
37060,41.6,168,2020/1/7 23:59,118.134318,24.501353,1,
36336,0,36,2020/1/7 23:59,118.139211,24.688575,1,
R809,34.6,82,2020/1/7 23:59,118.123468,24.50207,1,
38891,17.6,198,2020/1/7 23:59,118.079025,24.478025,1,
37735,0,38,2020/1/7 23:59,118.087831,24.518636,1,
P673,0,40,2020/1/7 23:59,118.151523,24.486736,1,
38599,0,124,2020/1/7 23:59,118.157096,24.484963,1,
H710,0,258,2020/1/7 23:59,118.147633,24.545897,1,
M258,0,274,2020/1/7 23:59,118.172645,24.504165,2,
G632,0,13,2020/1/7 23:59,118.236048,24.584025,1,
G868,0,42,2020/1/7 23:59,118.152613,24.498258,1,
G998,0,94,2020/1/7 23:59,118.070623,24.638,1,
G579,3.8,69,2020/1/7 23:59,118.138747,24.538162,2,
H038,17.1,307,2020/1/7 23:59,118.093895,24.51388,1,
11596,41.3,152,2020/1/7 23:59,118.112478,24.490545,1,
7165,0,202,2020/1/7 23:59,118.174696,24.469651,1,
G867,45.2,264,2020/1/7 23:59,118.147675,24.501875,2,
L225,44.4,136,2020/1/7 23:59,118.142655,24.543563,2,
L997,25.9,35,2020/1/7 23:59,118.0791,24.443933,2,
G531,61.1,16,2020/1/7 23:59,118.170523,24.497358,2,
R796,8.9,144,2020/1/7 23:59,118.145016,24.54661,1,
G999,1.6,329,2020/1/7 23:59,118.14288,24.723172,1,
K690,7.4,275,2020/1/7 23:59,118.176966,24.492405,1,
N026,23,230,2020/1/7 23:59,118.143481,24.523388,1,
M295,83.3,135,2020/1/7 23:59,118.07412,24.62672,2,
Q761,0,28,2020/1/7 23:59,118.127666,24.498885,1,
R319,49,338,2020/1/7 23:59,118.10417,24.466056,1,
P575,0,4,2020/1/7 23:59,118.0995,24.489278,1,
R711,22.6,30,2020/1/7 23:59,118.129585,24.537036,1,
N828,0,236,2020/1/7 23:59,118.128771,24.538455,1,
N956,34.7,346,2020/1/7 23:59,118.097858,24.493316,2,
H972,33.3,301,2020/1/7 23:59,118.12549,24.48331,2,
23721,4.6,72,2020/1/7 23:59,118.151565,24.486763,1,
Q285,18.2,316,2020/1/7 23:59,118.093936,24.467686,1,
N088,0,78,2020/1/7 23:59,118.104978,24.490903,1,
P716,25.4,324,2020/1/7 23:59,118.17198,24.505546,2,
Q068,67.7,92,2020/1/7 23:59,118.155155,24.488611,2,
23655,17.1,168,2020/1/7 23:59,118.150528,24.516678,1,
P155,14.8,200,2020/1/7 23:59,118.075185,24.458256,1,
N928,0,330,2020/1/7 23:59,118.418715,24.629321,9,
P898,21.5,128,2020/1/7 23:59,118.131478,24.53809,1,
N770,17.3,228,2020/1/7 23:59,118.150966,24.525836,2,
L660,72.2,155,2020/1/7 23:59,118.184291,24.509413,1,
P638,26.4,334,2020/1/7 23:59,118.14784,24.545596,1,
16507,0,0,2020/1/7 23:59,118.144455,24.547503,1,
K833,27.7,72,2020/1/7 23:59,118.104995,24.464718,2,
32210,64.8,356,2020/1/7 23:59,118.160531,24.44827,1,
H359,0,0,2020/1/7 23:59,0,0,1,
H398,55.8,211,2020/1/7 23:59,118.145166,24.474038,1,
H382,27.7,221,2020/1/7 23:59,118.120993,24.489598,1,
H022,0,103,2020/1/7 23:59,118.13497,24.515715,1,
H235,39.9,196,2020/1/7 23:59,118.11662,24.483933,1,
H858,0,344,2020/1/7 23:59,118.099577,24.489302,1,
H860,0.3,302,2020/1/7 23:59,118.131305,24.537907,1,
H208,77.3,350,2020/1/7 23:59,118.132938,24.506092,2,
32272,0,261,2020/1/7 23:59,118.034636,24.495368,1,
K279,0,80,2020/1/7 23:59,118.126978,24.494401,2,
K595,55.5,167,2020/1/7 23:59,118.0893,24.486713,2,
23330,0.2,188,2020/1/7 23:59,118.10351,24.514815,1,
39655,59.2,314,2020/1/7 23:59,118.100108,24.55711,1,
K308,20.2,294,2020/1/7 23:59,117.989832,24.523222,2,
H910,11.1,61,2020/1/7 23:59,118.126983,24.494525,2,
H011,52.1,105,2020/1/7 23:59,118.155047,24.478408,2,
H635,31.7,329,2020/1/7 23:59,118.169308,24.487535,2,
H518,39.3,80,2020/1/7 23:59,118.151855,24.483213,1,
G577,42.5,196,2020/1/7 23:59,118.117028,24.48483,2,
M037,31.4,281,2020/1/7 23:59,118.10968,24.514195,2,
KK06,0,0,2020/1/7 23:59,118.099175,24.597576,1,
G810,0,321,2020/1/7 23:59,118.147037,24.546642,1,
H059,0,80,2020/1/7 23:59,118.19919,24.574817,1,
G669,36.8,73,2020/1/7 23:59,118.130857,24.51006,1,
H255,3.1,0,2020/1/7 23:59,118.149062,24.506344,1,
G972,4,220,2020/1/7 23:59,118.134038,24.511042,1,
G860,83.3,178,2020/1/7 23:59,118.132437,24.51174,2,
G993,56.9,168,2020/1/7 23:59,118.120715,24.50487,1,
18191,0,225,2020/1/7 23:59,118.180178,24.480568,1,
L321,0,0,2020/1/7 23:59,118.129256,24.507105,1,
K126,67.8,98,2020/1/7 23:59,118.124073,24.479073,2,
H012,3.3,92,2020/1/7 23:59,118.082477,24.501827,2,
G990,56.7,95,2020/1/7 23:59,118.137292,24.501378,2,
G927,4.2,194,2020/1/7 23:59,118.096627,24.53226,2,
30930,0,159,2020/1/7 23:59,118.171278,24.51178,1,
G852,53.1,16,2020/1/7 23:59,118.116853,24.484305,2,
G825,0,74,2020/1/7 23:59,118.135643,24.51326,1,
G890,14.8,179,2020/1/7 23:59,118.125763,24.50608,2,
G780,0,238,2020/1/7 23:59,118.07092,24.638272,1,
G973,11.8,163,2020/1/7 23:59,118.129197,24.49663,1,
G719,0,234,2020/1/7 23:59,118.168043,24.472445,1,
G725,0,182,2020/1/7 23:59,118.122227,24.49618,1,
1770,49.8,190,2020/1/7 23:59,118.135558,24.688331,1,
13181,0,276,2020/1/7 23:59,118.154793,24.48881,1,
Q769,0,94,2020/1/7 23:59,114.852063,32.477563,2,
K801,0,310,2020/1/7 23:59,118.154093,24.483676,1,
R811,41.3,220,2020/1/7 23:59,118.096958,24.465083,1,
Q392,52.2,194,2020/1/7 23:59,118.032638,24.472416,2,
436,12.9,199,2020/1/7 23:59,118.126061,24.53205,1,
30263,0,8,2020/1/7 23:59,118.112971,24.521265,1,
L733,33.3,109,2020/1/7 23:59,118.08239,24.50168,1,
N328,0,256,2020/1/7 23:59,118.098576,24.485813,1,
R300,29.1,26,2020/1/7 23:59,118.16605,24.471146,1,
11308,0,222,2020/1/7 23:59,118.128875,24.538321,1,
P219,0,0,2020/1/7 23:59,118.104716,24.526975,1,
27073,71.8,8,2020/1/7 23:59,118.15446,24.502421,2,
N307,0,322,2020/1/7 23:59,118.146301,24.547315,1,
5021,0,260,2020/1/7 23:59,118.104768,24.523355,1,
Q735,27.9,242,2020/1/7 23:59,118.02906,24.489953,2,
Q638,53.8,342,2020/1/7 23:59,118.150028,24.52897,1,
P788,0,154,2020/1/7 23:59,118.128001,24.537186,1,
N760,58.8,314,2020/1/7 23:59,118.07102,24.4544,2,
1770,49.8,190,2020/1/7 23:59,118.135558,24.688331,1,
P706,19.4,148,2020/1/7 23:59,118.122838,24.501773,1,
16938,0,70,2020/1/7 23:59,118.10765,24.47412,2,
N908,4.9,186,2020/1/7 23:59,118.172786,24.469413,1,
Q798,15.3,260,2020/1/7 23:59,117.959833,24.535988,1,
28923,65.7,10,2020/1/7 23:59,118.183571,24.492395,2,
P789,39.4,252,2020/1/7 23:59,118.143178,24.53452,2,
L719,18.5,250,2020/1/7 23:59,118.103596,24.470696,1,
Q103,10.1,44,2020/1/7 23:59,118.130248,24.532763,1,
P055,0,18,2020/1/7 23:59,118.175848,24.47598,1,
30517,39,34,2020/1/7 23:59,118.085448,24.506256,2,
Q077,37.8,216,2020/1/7 23:59,118.120953,24.620151,1,
19311,30.9,272,2020/1/7 23:59,118.114588,24.482313,2,
L389,0,320,2020/1/7 23:59,118.147158,24.546476,1,
L555,0,346,2020/1/7 23:59,118.141156,24.494578,2,
7716,0,256,2020/1/7 23:59,118.113236,24.470088,2,
P786,22,198,2020/1/7 23:59,118.114755,24.481423,2,
N881,9.1,222,2020/1/7 23:59,118.12336,24.491935,2,
Q191,0,282,2020/1/7 23:59,118.125748,24.506631,1,
N066,0,298,2020/1/7 23:59,118.179598,24.492956,1,
Q875,0,0,2020/1/7 23:59,118.23689,24.665311,1,
P192,0,324,2020/1/7 23:59,118.147468,24.54613,1,
N976,0,356,2020/1/7 23:59,118.162696,24.481085,1,
Q339,50.8,228,2020/1/7 23:59,118.081296,24.454423,2,
P001,17.9,12,2020/1/7 23:59,118.166645,24.478526,2,
M233,0,245,2020/1/7 23:59,118.128883,24.53853,1,
N022,90.6,240,2020/1/7 23:59,117.861516,24.537981,2,
P998,32.7,188,2020/1/7 23:59,118.073765,24.467798,1,
L986,22.2,79,2020/1/7 23:59,118.042415,24.489255,1,
Q357,0,342,2020/1/7 23:59,118.131103,24.538518,1,
N938,31.6,162,2020/1/7 23:59,118.147365,24.47906,1,
39187,28.1,110,2020/1/7 23:59,118.107616,24.517511,1,
Q862,26.1,270,2020/1/7 23:59,118.125271,24.506638,2,
26652,0,0,2020/1/7 23:59,118.13268,24.666275,1,
R706,38.5,54,2020/1/7 23:59,118.047298,24.498603,2,
20320,0,0,2020/1/7 23:59,118.088908,24.488936,1,
K268,87,185,2020/1/7 23:59,118.13239,24.498481,2,
L585,0,230,2020/1/7 23:59,118.133753,24.537431,1,
P585,70.7,270,2020/1/7 23:59,118.074326,24.496975,2,
P165,4.4,80,2020/1/7 23:59,118.118563,24.467981,2,
N356,37.9,188,2020/1/7 23:59,118.115211,24.478741,2,
32910,0,0,2020/1/7 23:59,118.10172,24.492363,1,
P113,40.9,254,2020/1/7 23:59,118.126073,24.476408,2,
36822,0,0,2020/1/7 23:59,118.098118,24.468343,1,
K727,20.3,340,2020/1/7 23:59,118.103581,24.513971,2,
L139,0,346,2020/1/7 23:59,118.120376,24.492178,1,
16506,3.7,68,2020/1/7 23:59,118.105208,24.490965,1,
12969,0,178,2020/1/7 23:59,118.093613,24.518738,2,
1770,49.8,190,2020/1/7 23:59,118.135558,24.688331,2,
L275,24,208,2020/1/7 23:59,118.144861,24.501505,1,
R066,0,0,2020/1/7 23:59,118.117751,24.4793,1,
R672,0,0,2020/1/7 23:59,118.152251,24.488861,1,
L327,42.5,234,2020/1/7 23:59,118.151951,24.498186,1,
37731,15.9,208,2020/1/7 23:59,118.120116,24.480503,1,
M118,0,246,2020/1/7 23:59,118.129306,24.538825,1,
386,10.2,102,2020/1/7 23:59,118.13781,24.511246,2,
K635,0,260,2020/1/7 23:59,118.076696,24.498923,1,
Q890,0,224,2020/1/7 23:59,118.124488,24.491458,2,
18320,0,188,2020/1/7 23:59,118.12794,24.500971,1,
R651,0,0,2020/1/7 23:59,118.119188,24.430905,1,
L610,0,319,2020/1/7 23:59,118.146308,24.54745,1,
H901,0,151,2020/1/7 23:59,118.15725,24.511431,2,
Q890,0,224,2020/1/7 23:59,118.124488,24.491458,2,
35773,29,290,2020/1/7 23:59,118.157521,24.476978,1,
K171,0,246,2020/1/7 23:59,118.13232,24.520656,1,
33268,25.9,249,2020/1/7 23:59,118.132623,24.536485,1,
K075,90.7,83,2020/1/7 23:59,118.147196,24.501503,2,
18320,0,188,2020/1/7 23:59,118.12794,24.500971,1,
12969,0,178,2020/1/7 23:59,118.093613,24.518738,2,
21865,0,259,2020/1/7 23:59,118.1254,24.479161,2,
L637,0,305,2020/1/7 23:59,118.030076,24.575225,2,
P982,0,334,2020/1/7 23:59,118.078575,24.453403,1,
L028,29.6,97,2020/1/7 23:59,118.097073,24.531663,1,
N958,0,72,2020/1/7 23:59,118.104571,24.490796,1,
Q302,22.4,170,2020/1/7 23:59,118.127311,24.496551,2,
12977,0,76,2020/1/7 23:59,118.04429,24.597536,1,
Q599,0,34,2020/1/7 23:59,118.12236,24.496688,1,
Q326,0,4,2020/1/7 23:59,118.156481,24.488573,1,
Q038,55.7,150,2020/1/7 23:59,118.094096,24.47649,2,
K538,87,279,2020/1/7 23:59,117.996105,24.491461,1,
11576,0,148,2020/1/7 23:59,118.137038,24.52415,1,
Q323,0,222,2020/1/7 23:59,118.132701,24.536936,1,
13236,0,0,2020/1/7 23:59,118.157093,24.484493,1,
K337,0,25,2020/1/7 23:59,118.153561,24.484356,8,
1770,49.8,190,2020/1/7 23:59,118.135558,24.688331,2,
Q715,0,0,2020/1/7 23:59,118.085338,24.623421,1,
P292,66.2,316,2020/1/7 23:59,118.071875,24.628861,2,
B921,31.6,119,2020/1/7 23:59,118.115477,24.47441,1,
35705,60.9,96,2020/1/7 23:59,118.050085,24.573206,1,
R702,0,30,2020/1/7 23:59,118.140483,24.491903,1,
R219,16.9,24,2020/1/7 23:59,118.089318,24.486921,1,
N138,16.9,184,2020/1/7 23:59,118.086296,24.471323,2,
P667,0,70,2020/1/7 23:59,118.116156,24.508266,1,
36982,27.8,274,2020/1/7 23:59,118.121646,24.509173,2,
R811,41.3,220,2020/1/7 23:59,118.096958,24.465083,1,
H661,3.3,357,2020/1/7 23:59,118.11643,24.48222,1,
6086,39.1,346,2020/1/7 23:59,118.120103,24.448005,2,
Q091,27.3,74,2020/1/7 23:59,118.100823,24.475331,2,
12519,14.9,122,2020/1/7 23:59,118.072265,24.453171,2,
6887,0,296,2020/1/7 23:59,118.114568,24.474678,1,
M232,0,221,2020/1/7 23:59,118.128396,24.537771,1,
20272,0,182,2020/1/7 23:59,118.129033,24.538348,1,
R196,0,0,2020/1/7 23:59,118.113215,24.478951,1,
R569,48.8,84,2020/1/7 23:59,118.120368,24.479178,1,
P910,18.9,98,2020/1/7 23:59,118.154228,24.506383,2,
R220,25.2,76,2020/1/7 23:59,118.10927,24.523073,2,
33167,19.5,312,2020/1/7 23:59,118.097985,24.49295,2,
39303,64.2,186,2020/1/7 23:59,118.147683,24.48718,2,
31616,0,188,2020/1/7 23:59,118.09538,24.467568,1,
13633,0,0,2020/1/7 23:59,117.965455,24.479801,1,
E989,9.6,235,2020/1/7 23:59,118.122577,24.504845,1,
K919,0,0,2020/1/7 23:59,118.136508,24.512301,8,
H903,29.6,313,2020/1/7 23:59,118.160364,24.526767,1,
30317,0,76,2020/1/7 23:59,118.13617,24.501513,2,
H398,55.8,211,2020/1/7 23:59,118.145166,24.474038,1,
H619,51,269,2020/1/7 23:59,118.131102,24.495063,2,
H828,41.5,76,2020/1/7 23:59,118.083908,24.464597,1,
K228,0,335,2020/1/7 23:59,118.145412,24.527403,1,
3790,0,0,2020/1/7 23:59,117.965393,24.479731,1,
H096,0.1,276,2020/1/7 23:59,118.132727,24.495033,2,
H396,0,91,2020/1/7 23:59,118.146962,24.47963,2,
H510,0.1,320,2020/1/7 23:59,118.147191,24.546697,1,
E777,69.4,163,2020/1/7 23:59,118.182942,24.496763,2,
H775,26.3,344,2020/1/7 23:59,118.110693,24.486498,1,
E956,0,318,2020/1/7 23:59,118.03828,24.483407,2,
H669,23.8,231,2020/1/7 23:59,118.07616,24.452405,1,
J098,72.9,42,2020/1/7 23:59,118.177132,24.512163,2,
H965,73.6,242,2020/1/7 23:59,118.123617,24.528703,2,
K030,0.2,164,2020/1/7 23:59,118.1221,24.495917,1,
32282,0,0,2020/1/7 23:59,118.043891,24.586938,1,
39137,0,0,2020/1/7 23:59,118.179711,24.493188,1,
Q725,32.6,62,2020/1/7 23:59,118.109416,24.463993,2,
N939,4.8,30,2020/1/7 23:59,117.97843,24.602006,9,
K879,0,320,2020/1/7 23:59,118.147006,24.54665,1,
K387,0,304,2020/1/7 23:59,118.030841,24.586515,2,
H756,1,218,2020/1/7 23:59,118.119632,24.479742,2,
K291,38.8,69,2020/1/7 23:59,118.112928,24.522855,2,
L781,0,321,2020/1/7 23:59,118.147136,24.546356,1,
K605,29.6,183,2020/1/7 23:59,118.06826,24.636148,2,
L136,0,215,2020/1/7 23:59,118.084556,24.438495,1,
G896,28.4,279,2020/1/7 23:59,118.085843,24.481992,2,
Q269,63.6,230,2020/1/7 23:59,118.132383,24.534818,2,
L690,29.6,244,2020/1/7 23:59,118.06878,24.634318,2,
P088,0,0,2020/1/7 23:59,118.128698,24.538458,1,
N265,0,4,2020/1/7 23:59,118.170358,24.477808,1,
H791,18.5,303,2020/1/7 23:59,117.954741,24.484903,2,
P266,0,324,2020/1/7 23:59,118.146578,24.547081,1,
K713,0,325,2020/1/7 23:59,118.13261,24.53683,1,
N255,0,82,2020/1/7 23:59,118.095626,24.529578,1,
Q378,0,202,2020/1/7 23:59,118.133391,24.537078,1,
N850,36.5,48,2020/1/7 23:59,118.086378,24.482105,2,
Q700,59,182,2020/1/7 23:59,118.147606,24.486873,2,
L932,20.3,311,2020/1/7 23:59,118.083071,24.456635,2,
H509,0.7,11,2020/1/7 23:59,118.128957,24.506304,1,
H536,0.1,70,2020/1/7 23:59,118.120778,24.519003,1,
L559,0,57,2020/1/7 23:59,118.147046,24.54442,1,
K922,0,275,2020/1/7 23:59,118.163108,24.484728,1,
L982,0,265,2020/1/7 23:59,118.056865,24.583175,1,
K737,40.7,296,2020/1/7 23:59,118.164983,24.47563,1,
20363,8,171,2020/1/7 23:59,118.085994,24.588226,1,
32277,0,341,2020/1/7 23:59,118.145195,24.533795,1,
23003,0,19,2020/1/7 23:59,118.11493,24.541233,1,
R821,54.6,14,2020/1/7 23:59,118.14139,24.494161,2,
R800,0,198,2020/1/7 23:59,118.149345,24.49376,1,
37306,0,0,2020/1/7 23:59,118.106751,24.471703,1,
K015,0,53,2020/1/7 23:59,118.11092,24.472118,1,
K202,50,135,2020/1/7 23:59,118.119255,24.507286,1,
N032,0,272,2020/1/7 23:59,118.117676,24.485323,2,
N085,0,252,2020/1/7 23:59,118.115721,24.438985,2,
K665,42.5,228,2020/1/7 23:59,118.112486,24.473856,1,
N288,0,256,2020/1/7 23:59,118.029853,24.566498,1,
6885,0,316,2020/1/7 23:59,118.131653,24.537928,1,
13860,0,179,2020/1/7 23:59,117.95893,24.531665,1,
H933,0.1,149,2020/1/7 23:59,118.105927,24.490705,1,
J088,2.1,325,2020/1/7 23:59,118.113565,24.488982,2,
H236,36.4,44,2020/1/7 23:59,118.083242,24.443613,1,
35501,0,206,2020/1/7 23:59,118.147291,24.710076,1,
H122,0,95,2020/1/7 23:59,118.11598,24.544523,2,
J111,24.7,69,2020/1/7 23:59,118.119727,24.487773,1,
H853,0,170,2020/1/7 23:59,118.123173,24.50515,1,
H662,44,266,2020/1/7 23:59,118.095573,24.505067,2,
37376,0,23,2020/1/7 23:59,118.102835,24.526076,1,
H189,0.2,223,2020/1/7 23:59,118.132995,24.53688,1,
H035,37.2,81,2020/1/7 23:59,118.095698,24.471333,1,
H011,54.8,106,2020/1/7 23:59,118.154903,24.478437,2,
K186,21.4,72,2020/1/7 23:59,118.076708,24.468735,1,
FY05,0,0,2020/1/7 23:59,118.24655,24.641661,1,
L121,0,0,2020/1/7 23:59,118.02164,24.479098,1,
K512,0,0,2020/1/7 23:59,117.884861,24.510023,1,
G830,0,231,2020/1/7 23:59,118.132535,24.512563,1,
G816,80.2,92,2020/1/7 23:59,118.152223,24.50182,2,
G981,0,256,2020/1/7 23:59,118.140033,24.4792,1,
H555,0,265,2020/1/7 23:59,118.030673,24.49087,1,
H031,26.2,13,2020/1/7 23:59,118.089515,24.48672,2,
H579,2.5,330,2020/1/7 23:59,118.113877,24.488478,1,
G956,32,246,2020/1/7 23:59,118.141778,24.539222,2,
HU30,0,154,2020/1/7 23:59,117.632838,24.544585,1,
H550,0,181,2020/1/7 23:59,118.176748,24.503138,1,
K551,33.3,91,2020/1/7 23:59,118.123041,24.526848,2,
G709,40.1,276,2020/1/7 23:59,118.1167,24.479278,1,
K527,51.8,122,2020/1/7 23:59,118.098491,24.591263,0,
G835,0,33,2020/1/7 23:59,118.166523,24.478363,2,
C791,60.5,293,2020/1/7 23:59,118.098975,24.434687,1,
G826,8.6,198,2020/1/7 23:59,118.09364,24.511978,1,
H993,0.1,245,2020/1/7 23:59,118.087603,24.469,2,
L627,55.5,279,2020/1/7 23:59,118.142733,24.479933,2,
7752,17.7,156,2020/1/7 23:59,118.039433,24.618303,1,
P993,46.7,162,2020/1/7 23:59,118.152785,24.518371,1,
12637,42.8,188,2020/1/7 23:59,118.149448,24.492433,1,
P188,0,10,2020/1/7 23:59,118.146525,24.544046,1,
R720,70.5,196,2020/1/7 23:59,118.112801,24.531208,2,
R205,10.8,336,2020/1/7 23:59,118.118485,24.495488,1,
R393,88.3,42,2020/1/7 23:59,118.568585,24.84906,1,
Q360,81,184,2020/1/7 23:59,118.149486,24.49322,2,
K670,12.9,247,2020/1/7 23:59,118.17308,24.492541,1,
L535,22.2,157,2020/1/7 23:59,118.153211,24.488518,2,
Q117,0,324,2020/1/7 23:59,118.147563,24.546,1,
R371,18,190,2020/1/7 23:59,118.118288,24.486573,1,
31796,0,0,2020/1/7 23:59,118.161845,24.452656,1,
N756,0,324,2020/1/7 23:59,118.147328,24.546238,1,
32983,32.7,280,2020/1/7 23:59,118.18236,24.488101,1,
K719,0,239,2020/1/7 23:59,118.106908,24.477106,1,
R528,20.7,88,2020/1/7 23:59,118.150155,24.48902,2,
Q903,21.1,122,2020/1/7 23:59,118.147606,24.479405,2,
Q183,0,52,2020/1/7 23:59,118.101188,24.524678,2,
H218,0,0,2020/1/7 23:59,118.085517,24.448935,2,
L223,0,0,2020/1/7 23:59,118.109443,24.517776,1,
H707,33.7,256,2020/1/7 23:59,118.099965,24.469178,1,
L999,40.7,93,2020/1/7 23:59,118.153265,24.488685,2,
P639,0,138,2020/1/7 23:59,118.072035,24.453393,1,
N963,0,316,2020/1/7 23:59,118.158,24.489966,1,
N765,22.9,300,2020/1/7 23:59,118.16264,24.492328,1,
39535,67.8,196,2020/1/7 23:59,118.234515,24.581256,1,
Q807,13.6,322,2020/1/7 23:59,118.086625,24.456676,1,
R578,35.6,152,2020/1/7 23:59,118.113906,24.513871,1,
6015,25.7,278,2020/1/7 23:59,118.169868,24.496401,2,
N733,0,80,2020/1/7 23:59,118.134535,24.515753,2,
31619,27.5,294,2020/1/7 23:59,118.104063,24.4645,1,
31976,50.8,302,2020/1/7 23:59,118.07615,24.620608,1,
29317,27.6,146,2020/1/7 23:59,118.0797,24.449676,2,
13630,14.3,0,2020/1/7 23:59,118.141073,24.479146,2,
R665,18,58,2020/1/7 23:59,118.150206,24.529073,1,
R697,0,242,2020/1/7 23:59,118.159085,24.447766,1,
N786,30.5,326,2020/1/7 23:59,118.101498,24.472655,1,
15982,68,12,2020/1/7 23:59,118.115516,24.478563,2,
N131,0,0,2020/1/7 23:59,118.097106,24.488803,1,
Q760,65.6,228,2020/1/7 23:59,118.133211,24.535418,2,
P622,27.8,180,2020/1/7 23:59,118.115223,24.478826,2,
H879,0.3,12,2020/1/7 23:59,118.112357,24.475335,1,
10908,24.1,184,2020/1/7 23:59,118.08618,24.471278,1,
10510,13.6,10,2020/1/7 23:59,118.124776,24.498255,1,
N086,48.7,82,2020/1/7 23:59,118.119803,24.479281,2,
R579,18.4,40,2020/1/7 23:59,118.120556,24.481148,2,
R692,0,0,2020/1/7 23:59,118.115116,24.478383,1,
P523,40.7,60,2020/1/7 23:59,118.141195,24.521411,2,
K718,31.4,261,2020/1/7 23:59,118.150815,24.525711,1,
Q197,75.9,178,2020/1/7 23:59,118.170246,24.492916,2,
K900,0,235,2020/1/7 23:59,118.118775,24.485423,1,
H931,48.8,86,2020/1/7 23:59,118.129372,24.47881,1,
L681,18.5,98,2020/1/7 23:59,118.070671,24.637795,1,
13159,31.4,21,2020/1/7 23:59,118.144556,24.730146,1,
H663,48,94,2020/1/7 23:59,118.136435,24.511305,1,
J111,24.6,79,2020/1/7 23:59,118.119787,24.48779,1,
E811,0.2,263,2020/1/7 23:59,118.07121,24.473985,1,
E866,0.6,284,2020/1/7 23:59,118.0125,24.467727,1,
H890,73.6,294,2020/1/7 23:59,118.067996,24.566905,2,
K108,0.1,340,2020/1/7 23:59,118.080433,24.495668,1,
H277,45.6,251,2020/1/7 23:59,118.10816,24.471162,1,
10102,0,225,2020/1/7 23:59,118.155378,24.740013,1,
L998,37,188,2020/1/7 23:59,118.11579,24.481073,2,
K962,29.6,289,2020/1/7 23:59,118.158401,24.482378,1,
L681,18.5,98,2020/1/7 23:59,118.070671,24.637795,1,
16363,21.3,338,2020/1/7 23:59,118.092531,24.507386,2,
Q581,0,22,2020/1/7 23:59,118.116391,24.4822,1,
K953,46.3,229,2020/1/7 23:59,117.990758,24.592693,2,
11519,0,206,2020/1/7 23:59,118.11483,24.430903,1,
N520,45.3,92,2020/1/7 23:59,118.145866,24.479528,2,
23675,22.8,240,2020/1/7 23:59,118.110248,24.472236,2,
31087,11,126,2020/1/7 23:59,118.11173,24.459276,1,
R171,10.4,184,2020/1/7 23:59,118.149431,24.49368,2,
P822,32.2,70,2020/1/7 23:59,118.10807,24.486506,1,
R312,70.7,150,2020/1/7 23:59,118.145693,24.458255,2,
L976,0,232,2020/1/7 23:59,118.089226,24.459401,2,
K999,0,319,2020/1/7 23:59,118.130676,24.539006,1,
N375,0,278,2020/1/7 23:59,118.071388,24.473831,1,
Q055,77.7,272,2020/1/7 23:59,118.137275,24.480623,2,
29012,0,0,2020/1/7 23:59,118.132243,24.537211,1,
R171,10.4,184,2020/1/7 23:59,118.149431,24.49368,2,
R969,14.7,250,2020/1/7 23:59,118.070313,24.638211,2,
P883,7.2,60,2020/1/7 23:59,118.112585,24.480663,1,
30257,15.9,134,2020/1/7 23:59,118.044896,24.492363,1,
K697,16.6,160,2020/1/7 23:59,118.173565,24.508185,1,
P888,20.5,152,2020/1/7 23:59,118.125366,24.495345,1,
25799,36.4,228,2020/1/7 23:59,118.132853,24.53528,2,
L073,0,217,2020/1/7 23:59,118.129035,24.538553,1,
N723,0,56,2020/1/7 23:59,118.045471,24.610763,1,
K886,57.4,320,2020/1/7 23:59,118.1644,24.461946,1,
N190,0,0,2020/1/7 23:59,118.156791,24.483916,1,
36901,0,0,2020/1/7 23:59,118.034546,24.496151,1,
Q560,53,210,2020/1/7 23:59,118.146063,24.475485,2,
N765,22.9,300,2020/1/7 23:59,118.16264,24.492328,1,
N800,0,352,2020/1/7 23:59,118.090781,24.48497,1,
11352,57.7,204,2020/1/7 23:59,118.054021,24.561911,2,
6886,0,194,2020/1/7 23:59,118.140988,24.492853,1,
K651,12.9,109,2020/1/7 23:59,118.117361,24.485436,2,
37395,19,348,2020/1/7 23:59,118.12157,24.501151,2,
N851,33.3,76,2020/1/7 23:59,118.146321,24.524286,1,
R310,24.2,150,2020/1/7 23:59,118.14504,24.54054,2,
P881,36.4,106,2020/1/7 23:59,118.158853,24.541316,1,
R550,0,156,2020/1/7 23:59,118.139596,24.523741,1,
22316,0,262,2020/1/7 23:59,118.074683,24.480506,2,
P323,0,124,2020/1/7 23:59,118.227683,24.567258,1,
12903,19.6,4,2020/1/7 23:59,118.120821,24.481716,1,
R207,64.9,16,2020/1/7 23:59,118.170578,24.497611,2,
P653,53.5,242,2020/1/7 23:59,118.132105,24.502256,2,
Q277,18.3,194,2020/1/7 23:59,118.083453,24.465495,2,
R770,37.8,88,2020/1/7 23:59,118.11224,24.509688,2,
6080,18.6,84,2020/1/7 23:59,118.09594,24.53059,1,
N953,79.6,186,2020/1/7 23:59,118.184843,24.505478,2,
Q976,23.9,40,2020/1/7 23:59,118.098385,24.471578,2,
P583,12.2,252,2020/1/7 23:59,118.123536,24.516005,1,
P893,0,298,2020/1/7 23:59,118.114236,24.474751,1,
K700,0,311,2020/1/7 23:59,118.09576,24.51416,1,
Q229,15.4,286,2020/1/7 23:59,118.144931,24.474028,1,
Q198,0,34,2020/1/7 23:59,118.1132,24.61142,2,
R369,10,200,2020/1/7 23:59,118.141405,24.494715,1,
N317,18.3,16,2020/1/7 23:59,118.12445,24.524888,1,
31796,0,0,2020/1/7 23:59,118.161845,24.452656,1,
K600,0,26,2020/1/7 23:59,118.060003,24.56323,1,
N999,52.4,106,2020/1/7 23:59,118.159731,24.477373,1,
16572,66.2,212,2020/1/7 23:59,118.041481,24.496953,2,
K326,0,327,2020/1/7 23:59,118.102756,24.469371,2,
R211,0,142,2020/1/7 23:59,118.101243,24.525318,2,
36553,40.7,207,2020/1/7 23:59,118.118741,24.442598,1,
7.00E+03,0,0,2020/1/7 23:59,118.064095,24.630636,1,
P180,0,0,2020/1/7 23:59,118.163171,24.505485,1,
K696,0,166,2020/1/7 23:59,118.121705,24.504765,1,
L085,25.9,151,2020/1/7 23:59,118.106235,24.477503,2,
P516,76.1,304,2020/1/7 23:59,118.111691,24.534195,2,
L616,53.7,76,2020/1/7 23:59,118.14613,24.524235,2,
L522,79.6,311,2020/1/7 23:59,118.10165,24.552146,2,
K823,75.9,13,2020/1/7 23:59,118.133121,24.501345,2,
P732,0,232,2020/1/7 23:59,118.134121,24.537675,1,
K207,0,76,2020/1/7 23:59,118.245693,24.604981,1,
K235,42.1,200,2020/1/7 23:59,118.147941,24.488673,1,
L508,0,228,2020/1/7 23:59,118.12865,24.538216,1,
28180,0,252,2020/1/7 23:59,118.182298,24.517233,1,
12519,10.4,126,2020/1/7 23:59,118.072235,24.45319,2,
R775,4.7,124,2020/1/7 23:59,118.151838,24.486615,1,
N806,0,124,2020/1/7 23:59,118.120161,24.466615,9,
7058,3.8,198,2020/1/7 23:59,118.070635,24.638301,1,
L623,33.3,294,2020/1/7 23:59,118.164053,24.496138,1,
K290,0,5,2020/1/7 23:59,118.130135,24.509,1,
R888,0,314,2020/1/7 23:59,118.146261,24.547395,1,
